source,work_no,row_index,final_score,consensus_rank,prize,raw_mean,classic_z,robust_z,percentile,cv_weighted_z,calibrated_weighted_z,review_count,expert_count,raw_mean_rank,classic_z_rank,robust_z_rank,percentile_rank,cv_weighted_z_rank,calibrated_weighted_z_rank
data2.1,1,3,292.55,1.0,一等奖,72.125,2.2583213003090057,2.353722128104969,0.9782563025210085,2.254444912207153,2.2140289673096882,8,6,4.0,1.0,3.0,2.0,1.0,1.0
data2.1,2,4,283.24,2.0,一等奖,73.25,2.1124933697440538,2.406005409597073,0.9708581349206349,2.096124660505373,2.080381782641038,8,7,2.0,2.0,2.0,3.0,2.0,2.0
data2.1,3,5,280.39,3.0,一等奖,67.375,1.4394021445912888,1.628894669414702,0.8653951486697966,1.4398673033120435,1.3992059561705448,8,7,21.0,15.0,22.0,22.0,15.0,16.0
data2.1,4,6,272.46,4.0,一等奖,66.75,1.714509109548431,1.978781369716214,0.9411045499280793,1.7446092565902054,1.7446092565902052,8,8,28.0,4.0,7.0,4.0,4.0,4.0
data2.1,5,7,269.46,5.0,一等奖,67.125,1.44125550645962,1.7043579556226258,0.8597225715403533,1.4599743897471669,1.4609975928737553,8,7,25.0,14.0,18.0,25.0,13.0,13.0
data2.1,6,8,265.38,6.0,一等奖,61.375,1.3307457593748668,1.627756433503095,0.8395628503890888,1.3222852092334476,1.3226626435533082,8,7,93.0,19.0,23.0,31.0,18.0,19.0
data2.1,7,9,263.01,7.0,一等奖,73.875,1.975911963557698,2.768888107899589,0.8828411938348357,1.9940852911776612,1.9940852911776612,8,8,1.0,3.0,1.0,15.0,3.0,3.0
data2.1,8,10,262.78,8.0,一等奖,72.25,1.4533094990822613,2.248168704057009,0.9220796173117499,1.4674066604141247,1.4729860283510379,8,8,3.0,12.0,4.0,5.0,12.0,12.0
data2.1,9,11,261.38,9.0,一等奖,69.875,1.3256365766480918,1.8732869046507252,0.8727838541361221,1.314315117308797,1.2947278429344606,8,8,11.0,21.0,10.0,20.0,21.0,24.0
data2.1,10,12,260.39,20.0,二等奖,63.375,1.207014125415966,1.5098658423729248,0.8072577172760996,1.234387722983769,1.2473501436516377,8,7,49.0,29.0,25.0,42.0,27.0,27.0
data2.1,11,13,259.93,10.0,一等奖,70.625,1.6386650668037253,1.9092930616605241,0.9044709348624651,1.6223634592018683,1.6197848915142625,8,8,9.0,5.0,8.0,12.0,6.0,5.0
data2.1,12,14,259.63,11.0,一等奖,66.125,1.176574564786842,1.2062483733871836,0.8146810807656395,1.1976016545302202,1.221039574947123,8,8,31.0,31.0,43.0,38.0,30.0,29.0
data2.1,13,15,256.46,12.0,一等奖,64.0,1.520118716942259,1.6794503591346976,0.9076478727455894,1.505442922042788,1.5035649242804632,8,7,44.0,11.0,20.0,11.0,11.0,10.0
data2.1,14,16,255.7,13.0,一等奖,69.125,1.405630348702647,1.680939085756015,0.9161932138337255,1.4002717984843902,1.4002717984843902,8,7,13.0,16.0,19.0,6.0,16.0,15.0
data2.1,15,17,253.74,14.0,一等奖,67.875,1.5372249870453467,1.7834859218594763,0.8827659972263618,1.5140565093647227,1.4996131505729562,8,7,19.0,10.0,12.0,16.0,10.0,11.0
data2.1,16,18,253.58,15.0,一等奖,63.875,1.1572489576018312,1.1583117037306692,0.8389096019545998,1.155877517237895,1.1326475386630293,8,8,47.0,33.0,47.0,33.0,33.0,33.0
data2.1,17,19,253.53,16.0,一等奖,66.375,1.579813026854663,1.7190649462502963,0.9139729264993668,1.5600124293308852,1.5399175290827045,8,8,29.0,8.0,16.0,7.0,7.0,9.0
data2.1,18,20,252.85,17.0,一等奖,60.25,1.2879685754920531,1.3493434615955864,0.8742190955329501,1.277745889650124,1.2502361417798356,8,7,139.0,25.0,35.0,17.0,25.0,26.0
data2.1,19,21,252.07,18.0,一等奖,61.625,1.0711988427254706,1.0858543774580325,0.7977253908320084,1.0599312306976916,1.0762696794009907,8,8,83.0,41.0,53.0,47.0,41.0,39.0
data2.1,20,22,251.82,19.0,一等奖,65.0,1.633670164957031,1.9888289629791047,0.8729368051155977,1.6319892204110136,1.5559972973735745,8,7,37.0,6.0,6.0,19.0,5.0,7.0
data2.1,21,23,251.53,21.0,二等奖,68.625,1.449165976032424,1.7619742174578272,0.9111709267040149,1.4402182263209056,1.4335726162370288,8,8,15.0,13.0,14.0,8.0,14.0,14.0
data2.1,22,24,251.23,22.0,二等奖,66.0,1.3249321639588971,1.587577992626556,0.907976280571466,1.318405395185206,1.3080263102507836,8,8,32.0,22.0,24.0,10.0,20.0,22.0
data2.1,23,25,250.87,23.0,二等奖,71.25,1.5558338184145215,2.075369592848666,0.9081966631414026,1.5558251610528906,1.5558251610528904,8,8,7.0,9.0,5.0,9.0,9.0,8.0
data2.1,24,26,250.67,24.0,二等奖,62.5,1.1760454559925306,1.3596512846363749,0.8358638444116385,1.1753024376447618,1.134462458831206,8,7,70.0,32.0,34.0,34.0,31.0,32.0
data2.1,25,27,249.79,25.0,二等奖,65.625,1.2634796388489427,1.4060371532708538,0.8604198221010041,1.2564098908682981,1.2319274933367488,8,8,35.0,26.0,31.0,24.0,26.0,28.0
data2.1,26,28,247.35,26.0,二等奖,66.375,1.1333098986494798,1.5085956383294987,0.8740820782218848,1.1327671104176453,1.120366547833412,8,8,29.0,35.0,26.0,18.0,35.0,34.0
data2.1,27,29,246.65,27.0,二等奖,65.875,1.3705110323026115,1.474620303029854,0.8705659318521929,1.352269052224639,1.3591440628388647,8,8,34.0,17.0,28.0,21.0,17.0,17.0
data2.1,28,30,246.51,28.0,二等奖,64.625,0.9433550155601957,1.0613720663455481,0.7478564776667697,0.9674650950827511,0.9885415574630848,8,8,39.0,49.0,57.0,72.0,46.0,44.0
data2.1,29,31,245.69,29.0,二等奖,61.625,1.1561203114263314,1.1684329710938373,0.8463774325519682,1.1346682826056018,1.110773670113544,8,8,83.0,34.0,46.0,29.0,34.0,36.0
data2.1,30,32,245.59,30.0,二等奖,70.75,1.2277955764589885,1.7943698386838818,0.8345712364762021,1.2031786327322684,1.2018514024686866,8,8,8.0,27.0,11.0,35.0,28.0,30.0
data2.1,31,33,244.66,31.0,二等奖,67.375,1.5850468312276749,1.9044916480165366,0.8343018964342495,1.5565139271278408,1.5565139271278408,8,7,21.0,7.0,9.0,36.0,8.0,6.0
data2.1,32,34,244.42,32.0,二等奖,60.375,0.9496907833190656,1.063527393960417,0.7801907863602062,0.9555867279641126,0.9278188894301809,8,7,135.0,48.0,55.0,56.0,48.0,47.0
data2.1,33,35,243.34,34.0,二等奖,61.5,0.8554288557351959,1.0766424920613509,0.7050969458124547,0.8445280428823583,0.7202234291685958,8,8,88.0,60.0,54.0,102.0,59.0,77.0
data2.1,34,36,243.31,33.0,二等奖,67.375,1.1041081694951498,1.2549033378151144,0.8072107310207155,1.1107955665239273,1.1160321029616929,8,8,21.0,37.0,40.0,43.0,36.0,35.0
data2.1,35,37,243.08,35.0,二等奖,62.875,1.3399816289938995,1.4779669271777731,0.8492029075509079,1.3214857326400018,1.3569006986831222,8,8,63.0,18.0,27.0,28.0,19.0,18.0
data2.1,36,38,241.32,36.0,二等奖,71.875,1.2946413875762777,1.6696837568954122,0.9007958588840941,1.2792037934086946,1.3194425312641183,8,8,6.0,24.0,21.0,13.0,24.0,20.0
data2.1,37,39,240.77,37.0,二等奖,63.25,0.799957742996988,0.9122657847870312,0.7388985119296652,0.8173525661998664,0.8173525661998664,8,7,53.0,66.0,72.0,76.0,65.0,65.0
data2.1,38,40,240.25,38.0,二等奖,59.625,1.2102021923204054,1.3067619742548922,0.8638845121381886,1.2029367829468909,1.2568423364391994,8,6,157.0,28.0,37.0,23.0,29.0,25.0
data2.1,39,41,240.16,39.0,二等奖,66.875,1.298659607641743,1.7675895556681092,0.8854927669265905,1.2900183701546317,1.3074557946390588,8,8,27.0,23.0,13.0,14.0,23.0,23.0
data2.1,40,42,238.57,40.0,二等奖,56.875,0.666375235147656,0.7100661883644482,0.7069213156084404,0.672250818989916,0.672250818989916,8,7,285.0,94.0,108.0,100.0,91.0,88.0
data2.1,41,43,238.48,41.0,二等奖,63.125,0.8860881793660298,1.031749438265019,0.7961830894638557,0.8949254373957282,0.8713721957509944,8,8,58.0,53.0,59.0,49.0,53.0,54.0
data2.1,42,44,238.24,42.0,二等奖,69.0,1.0893149599056149,1.4051041532324415,0.8131129754533393,1.0753845611256383,1.076384893699387,8,8,14.0,40.0,32.0,40.0,37.0,38.0
data2.1,43,45,237.42,43.0,二等奖,55.625,0.9113853244748045,0.9889520019528114,0.7750483746130031,0.9146319051808371,0.8995035939107543,8,7,327.0,52.0,61.0,59.0,51.0,50.0
data2.1,44,46,236.57,44.0,二等奖,64.375,0.8823412650656077,0.8327556195322281,0.7496192226890757,0.886726251721462,0.8858616340247787,8,7,42.0,54.0,86.0,70.0,54.0,51.0
data2.1,45,47,236.35,45.0,二等奖,63.375,0.9655506803026338,1.0863326618853892,0.8143955937638214,0.9726103261872936,1.0003123071539457,8,8,49.0,47.0,52.0,39.0,45.0,43.0
data2.1,46,48,235.31,46.0,二等奖,57.125,0.8501936948614901,0.9641372892586977,0.7821680310536696,0.8473700922825925,0.8200187367934949,8,8,275.0,61.0,67.0,55.0,58.0,63.0
data2.1,47,49,233.55,48.0,二等奖,61.375,0.9704823149681232,1.1951493449368804,0.7901476311838154,0.9435266164661561,0.837944517469431,8,6,93.0,46.0,44.0,51.0,50.0,59.0
data2.1,48,50,233.54,47.0,二等奖,72.125,1.3267376738226004,1.7564375897354236,0.8554007132132132,1.29358540848943,1.3129376628433302,8,8,4.0,20.0,15.0,26.0,22.0,21.0
data2.1,49,51,233.33,49.0,二等奖,61.375,1.0506050859945337,1.1370656225977958,0.7856949358690845,1.0103398622054147,0.9666114948792929,8,7,93.0,42.0,51.0,53.0,42.0,45.0
data2.1,50,52,233.3,50.0,二等奖,60.5,0.7530245650284489,0.7200175730788736,0.7042045779579437,0.7572417378811169,0.7603293332467668,8,7,130.0,76.0,103.0,106.0,74.0,70.0
data2.1,51,53,231.2,51.0,二等奖,64.5,1.2066344309738337,1.3211170827014616,0.8545366795366796,1.168008166486589,1.1656999853327572,8,8,41.0,30.0,36.0,27.0,32.0,31.0
data2.1,52,54,231.12,52.0,二等奖,61.875,0.8483145082589318,0.8781554398207576,0.7857752842127843,0.8351149072043917,0.8095952926400686,8,8,77.0,63.0,78.0,52.0,62.0,67.0
data2.1,53,55,230.84,53.0,二等奖,60.125,0.676368637479313,0.7199997056011028,0.688834119842539,0.6732756506211068,0.7176831001328264,8,8,142.0,92.0,104.0,119.0,88.0,79.0
data2.1,54,56,229.72,54.0,二等奖,62.375,1.0109352047924132,1.2292559957313203,0.7920074949728587,0.9815956129830438,0.9178429487239613,8,6,71.0,43.0,42.0,50.0,44.0,49.0
data2.1,55,57,229.33,55.0,二等奖,60.375,0.8500356987459654,0.8867103413845625,0.7967711906953393,0.8388262102054623,0.8566547209405152,8,7,135.0,62.0,76.0,48.0,61.0,58.0
data2.1,56,58,229.12,56.0,二等奖,68.0,1.0946269165956224,1.3818877239823373,0.841703218449542,1.0651070568972079,1.087800142433664,8,8,16.0,39.0,33.0,30.0,39.0,37.0
data2.1,57,59,228.58,57.0,二等奖,59.125,0.656948316453907,0.5844093890431405,0.6912653877340409,0.6499268501103517,0.689034309435564,8,8,181.0,97.0,124.0,113.0,95.0,84.0
data2.1,58,60,228.27,58.0,二等奖,63.375,0.7448993606962857,0.733827360193204,0.7159927259191965,0.7329602417607719,0.7329602417607719,8,8,49.0,78.0,100.0,87.0,77.0,73.0
data2.1,59,61,228.03,59.0,二等奖,58.125,0.7653539965708683,0.7958966629545343,0.768531162464986,0.7652248596806368,0.7831224607023414,8,7,228.0,73.0,90.0,63.0,72.0,69.0
data2.1,60,62,227.93,61.0,二等奖,60.5,0.7260494446717407,0.7907277284686813,0.7154222105508871,0.7267923271437519,0.7341497375891384,8,7,130.0,83.0,91.0,88.0,79.0,72.0
data2.1,61,63,227.91,60.0,二等奖,59.375,0.774209673197742,0.9775843825823591,0.7568034070113123,0.7671189231609511,0.7251403345374389,8,8,169.0,72.0,63.0,66.0,71.0,76.0
data2.1,62,64,226.95,62.0,二等奖,64.0,0.942598914077109,1.4616187883989116,0.8001642267267268,0.9468529384871092,0.9266151808912023,8,8,44.0,50.0,29.0,45.0,49.0,48.0
data2.1,63,65,225.6,64.0,二等奖,63.25,0.8557314831889393,0.8971823457355631,0.7754859954132214,0.8342152317915923,0.830579153861282,8,8,53.0,59.0,74.0,58.0,63.0,61.0
data2.1,64,66,225.58,63.0,二等奖,61.75,0.8744775582576703,0.8711610795787242,0.7744331799621257,0.859072661752571,0.859072661752571,8,8,80.0,56.0,81.0,60.0,56.0,55.0
data2.1,65,67,225.3,65.0,二等奖,70.125,1.0949146268233305,1.7053745301418308,0.8095691463920343,1.069642284674895,1.063817470090348,8,8,10.0,38.0,17.0,41.0,38.0,40.0
data2.1,66,68,224.68,66.0,二等奖,68.0,0.8575436117058624,1.0477460396521505,0.7480732293226161,0.8400345361314888,0.7281254320545717,8,8,16.0,57.0,58.0,71.0,60.0,74.0
data2.1,67,69,224.4,67.0,二等奖,62.625,0.7793280440981198,1.0050686023550195,0.6970061731613921,0.7730893039852452,0.8114837499853349,8,8,67.0,71.0,60.0,109.0,70.0,66.0
data2.1,68,70,222.13,68.0,二等奖,61.625,1.1220263651028515,1.273803903053195,0.8037894982554425,1.0613158887187772,1.0233492775087059,8,6,83.0,36.0,39.0,44.0,40.0,41.0
data2.1,69,71,221.87,69.0,二等奖,60.375,0.7889057606341654,0.854977774747099,0.7352936569364588,0.7736523634820379,0.8212780638223386,8,7,135.0,68.0,84.0,79.0,69.0,62.0
data2.1,70,72,220.03,70.0,二等奖,61.75,0.7577623949970109,0.8710164896931389,0.7149141070817103,0.7321819471937581,0.683745356491666,8,7,80.0,75.0,82.0,89.0,78.0,87.0
data2.1,71,73,219.88,71.0,二等奖,65.625,0.7166946772047054,0.7695527355158018,0.7417276651651652,0.6971047459094069,0.6916232876903796,8,7,35.0,86.0,95.0,74.0,82.0,83.0
data2.1,72,74,219.05,72.0,二等奖,61.375,0.9206511616861308,0.9530158002436433,0.7696471269459283,0.9005262635710036,0.8811203280767659,8,8,93.0,51.0,68.0,62.0,52.0,52.0
data2.1,73,75,219.0,73.0,二等奖,60.875,0.5233428806197117,0.7451516961836671,0.7048222773171537,0.528972930357531,0.517015394866534,8,8,118.0,111.0,98.0,105.0,108.0,108.0
data2.1,74,76,218.85,74.0,二等奖,64.375,0.7509126172605525,1.176066053645981,0.7546277470632828,0.7377707044165932,0.7419560046245198,8,8,42.0,77.0,45.0,67.0,76.0,71.0
data2.1,75,77,218.79,75.0,二等奖,61.375,0.8457047299601079,0.912639425640235,0.7049959684578057,0.8287514684439926,0.8196822455703908,8,8,93.0,64.0,71.0,103.0,64.0,64.0
data2.1,76,78,218.04,76.0,二等奖,58.25,0.7873193343842539,0.9735566886012051,0.784511151893807,0.774795526527659,0.8061564861731854,8,7,221.0,69.0,65.0,54.0,68.0,68.0
data2.1,77,79,217.93,77.0,二等奖,54.125,0.660989311700543,0.7394214446015337,0.7304884453781513,0.6377333753504456,0.5922075817561258,8,6,388.0,95.0,99.0,80.0,96.0,100.0
data2.1,78,80,217.78,78.0,二等奖,53.625,0.5160724200493962,0.5480417573193778,0.7112218416265124,0.518343225635879,0.5298389725881075,8,8,407.0,113.0,135.0,95.0,109.0,107.0
data2.1,79,81,217.03,79.0,二等奖,59.75,0.6747827640277669,0.6745686695605757,0.7447081244778613,0.6546087416079645,0.6455504853058778,8,8,155.0,93.0,112.0,73.0,94.0,91.0
data2.1,80,82,216.0,80.0,二等奖,57.875,0.6208672771213486,0.7994908212431483,0.7087963266455453,0.6105501475013261,0.5059728420574519,8,8,241.0,101.0,89.0,97.0,99.0,112.0
data2.1,81,83,215.37,81.0,二等奖,57.25,0.5752726926123363,0.6662938231635116,0.7102394274230439,0.5496674164596248,0.5127314552170474,8,7,268.0,105.0,113.0,96.0,105.0,111.0
data2.1,82,84,215.17,82.0,二等奖,59.625,0.4658257540017241,0.5009868864796552,0.6722138526463217,0.44859175679868757,0.4190698701368624,8,8,157.0,129.0,151.0,141.0,135.0,165.0
data2.1,83,85,214.95,83.0,二等奖,60.375,0.677212588792905,0.6931014430508564,0.7267616113346748,0.6756691062377574,0.6345994440282489,8,7,135.0,90.0,109.0,84.0,87.0,93.0
data2.1,84,86,214.61,84.0,二等奖,66.0,0.7833354319809358,0.9768455235877332,0.7611093761829055,0.7580644013421743,0.6618213037941691,8,8,32.0,70.0,64.0,64.0,73.0,90.0
data2.1,85,87,214.21,85.0,二等奖,57.75,0.4878828770033233,0.6438320885912955,0.6889435598800924,0.4818810321476398,0.5025810344825862,8,8,246.0,122.0,115.0,118.0,119.0,116.0
data2.1,86,88,214.1,86.0,二等奖,62.375,0.7324720560779121,1.155698532772592,0.7282001809424251,0.7081426835287822,0.7081426835287821,8,8,71.0,80.0,48.0,83.0,81.0,80.0
data2.1,87,89,213.42,87.0,二等奖,58.875,0.4216685580054176,0.5215542004797367,0.6728605075293663,0.42280441471062874,0.5054456937732456,8,8,192.0,161.0,143.0,138.0,153.0,113.0
data2.1,88,90,212.45,88.0,二等奖,59.0,0.4478755088489902,0.7288095296492707,0.6745252691969049,0.4318963167569853,0.4318963167569853,8,8,184.0,141.0,102.0,135.0,147.0,155.0
data2.1,89,91,212.24,89.0,二等奖,57.5,0.6834518665562539,0.8474190928156935,0.7365303683965656,0.6598669264750308,0.663634533055515,8,7,255.0,88.0,85.0,78.0,93.0,89.0
data2.1,90,92,212.02,90.0,二等奖,59.375,0.6788646717580475,1.148663228792731,0.7121474152724152,0.6730562275783513,0.6447273978163152,8,8,169.0,89.0,49.0,93.0,89.0,92.0
data2.1,91,93,211.93,91.0,二等奖,67.25,1.000536723059215,1.2374116188893924,0.7570671261025437,0.956818124877827,0.9664322261433723,8,8,24.0,44.0,41.0,65.0,47.0,46.0
data2.1,92,94,211.08,92.0,二等奖,57.75,0.5863971393886362,0.7486890011677547,0.7049430408128163,0.5796827556482324,0.596526475314602,8,8,246.0,104.0,97.0,104.0,102.0,98.0
data2.1,93,95,210.88,93.0,二等奖,62.625,0.7271877867755397,1.061476463641579,0.7375865886895299,0.6926589246653514,0.6926589246653514,8,8,67.0,82.0,56.0,77.0,84.0,82.0
data2.1,94,96,210.0,94.0,二等奖,55.625,0.5597298528130641,0.6843635814700162,0.6673565496611162,0.5105021978102409,0.44265707937159593,8,7,327.0,107.0,111.0,145.0,112.0,147.0
data2.1,95,97,209.96,95.0,二等奖,64.0,0.5697365455733149,0.692912633928417,0.6911167857375288,0.5373426400372482,0.47285484817455514,8,8,44.0,106.0,110.0,114.0,107.0,125.0
data2.1,96,98,209.71,96.0,二等奖,56.875,0.4561831220856465,0.5174518719136283,0.7186446944235256,0.4431532690311402,0.46464683710827315,8,7,285.0,134.0,144.0,86.0,140.0,130.0
data2.1,97,99,209.64,97.0,二等奖,63.0,0.6432146926831295,0.8728900751361295,0.7298031383606074,0.6140214854972368,0.6055284212737222,8,8,59.0,98.0,79.0,81.0,98.0,97.0
data2.1,98,100,209.48,98.0,二等奖,61.375,0.4167479619801461,0.5881720015673881,0.6958290621837171,0.41360109157256164,0.40207889591160356,8,8,93.0,165.0,123.0,110.0,163.0,180.0
data2.1,99,101,209.33,99.0,二等奖,52.875,0.3718159774240705,0.3970122406484204,0.6529282309462103,0.37892498323838514,0.3951860494091221,8,8,448.0,215.0,213.0,173.0,199.0,185.0
data2.1,100,102,208.22,100.0,二等奖,61.25,0.35515634323920964,0.41767572625524874,0.6535720645971494,0.3473802289600382,0.33125540989083396,8,8,103.0,230.0,199.0,171.0,225.0,239.0
data2.1,101,103,208.19,101.0,二等奖,60.875,0.5248034301714399,0.6581064916971966,0.707260319668408,0.5156401549639499,0.5571732243243002,8,7,118.0,110.0,114.0,99.0,110.0,103.0
data2.1,102,104,208.08,103.0,二等奖,58.5,0.5019909917356724,0.5769452286550628,0.6839391273756201,0.48637097199067325,0.48637097199067325,8,8,210.0,120.0,126.0,123.0,118.0,121.0
data2.1,103,105,208.07,102.0,二等奖,61.375,0.5042614547787216,0.6340301577553703,0.658312987357105,0.4893704373505383,0.4893704373505382,8,6,93.0,119.0,116.0,160.0,116.0,119.0
data2.1,104,106,207.84,104.0,二等奖,59.875,0.3548087430978349,0.4389938437388863,0.5757217799400463,0.33488320430198,0.3142057638233027,8,7,153.0,231.0,182.0,328.0,238.0,258.0
data2.1,105,107,207.49,105.0,二等奖,53.875,0.3862665256028427,0.5499946566316458,0.6478232191999607,0.36770894722232067,0.3356528886486113,8,7,396.0,198.0,134.0,182.0,214.0,237.0
data2.1,106,108,206.9,106.0,二等奖,60.625,0.5915261627636103,0.7659583555768779,0.6650536147407637,0.5562811895853315,0.4256289296801983,8,8,123.0,103.0,96.0,149.0,104.0,160.0
data2.1,107,109,206.42,107.0,二等奖,63.375,0.6344543756390902,0.8218014149317268,0.7014018655707897,0.605762002653509,0.6141781669394917,8,8,49.0,99.0,87.0,107.0,101.0,95.0
data2.1,108,110,206.37,108.0,二等奖,60.0,0.7246380941193763,0.9474448782927132,0.7413899974997111,0.6889730204460314,0.6889730204460313,8,7,143.0,84.0,69.0,75.0,85.0,85.0
data2.1,109,111,206.28,109.0,二等奖,57.5,0.4912468977177536,0.5126242173357128,0.6024639570740578,0.45986939130308885,0.45986939130308885,8,8,255.0,121.0,145.0,271.0,129.0,136.0
data2.1,110,112,206.09,110.0,二等奖,63.0,0.6765432236125987,1.1438856794987917,0.7067897992530345,0.6614343532268105,0.5949602205242469,8,8,59.0,91.0,50.0,101.0,92.0,99.0
data2.1,111,113,205.84,111.0,二等奖,60.625,0.7637738848858044,0.971832372328123,0.752784009822516,0.7475683370315643,0.7276394187244171,8,8,123.0,74.0,66.0,68.0,75.0,75.0
data2.1,112,114,205.66,112.0,二等奖,58.75,0.7207060114176667,0.8839179784647209,0.7136380233153305,0.6790209923179704,0.6320437157439671,8,6,202.0,85.0,77.0,92.0,86.0,94.0
data2.1,113,115,205.52,113.0,二等奖,52.625,0.39367603037249493,0.5477591285462593,0.6859891037661776,0.38691169403807796,0.40529667375921097,8,8,455.0,191.0,136.0,120.0,193.0,177.0
data2.1,114,116,205.47,114.0,二等奖,61.375,0.5175884684903764,0.7176896783837294,0.6794619593332829,0.4894653799969922,0.4419940830659465,8,8,93.0,112.0,105.0,125.0,115.0,148.0
data2.1,115,117,205.25,115.0,二等奖,58.75,0.5137714970486984,0.7158434667540293,0.6758760599062356,0.5033664414157251,0.5033664414157248,8,7,202.0,114.0,106.0,132.0,113.0,115.0
data2.1,116,118,205.17,116.0,二等奖,64.75,0.6586354967654633,0.9290770495748238,0.7522757132132132,0.6355017678954408,0.5598864066007657,8,8,38.0,96.0,70.0,69.0,97.0,102.0
data2.1,117,119,205.16,117.0,二等奖,55.625,0.3836838684596314,0.42955291968849235,0.6604268022998674,0.37641035004293755,0.3891651314575522,8,7,327.0,202.0,191.0,154.0,204.0,192.0
data2.1,118,120,204.42,118.0,二等奖,59.75,0.4449657157100467,0.5345923243535546,0.6392283785270965,0.42628851542088636,0.4262885154208864,8,8,155.0,144.0,139.0,198.0,152.0,158.0
data2.1,119,121,204.28,119.0,二等奖,60.25,0.3429023247344836,0.4881962844326261,0.5838385025062657,0.3208573594321354,0.3219460521898215,8,8,139.0,243.0,160.0,319.0,247.0,245.0
data2.1,120,122,203.92,120.0,二等奖,64.625,0.6309929610270134,0.8881089794687529,0.7289814630807278,0.6059135721094425,0.5050678890741793,8,8,39.0,100.0,75.0,82.0,100.0,114.0
data2.1,121,123,203.43,121.0,二等奖,59.125,0.5090255859915424,0.559289119082725,0.6786791124107301,0.4801554943744074,0.48015549437440735,8,8,181.0,117.0,128.0,127.0,120.0,122.0
data2.1,122,124,203.3,122.0,二等奖,58.0,0.6982592265731984,0.7783133162534216,0.7145847922502335,0.6723385182881303,0.6933660923122449,8,8,233.0,87.0,94.0,90.0,90.0,81.0
data2.1,123,125,202.87,123.0,二等奖,54.75,0.3966662717657832,0.48763406842119916,0.677999533146592,0.39083676494437014,0.4521461319188803,8,7,368.0,187.0,161.0,129.0,190.0,142.0
data2.1,124,126,202.5,124.0,二等奖,61.375,0.44068315141298225,0.539456070990289,0.657010382092619,0.4324349895414265,0.44183053690063084,8,8,93.0,146.0,137.0,163.0,145.0,149.0
data2.1,125,127,202.43,125.0,二等奖,58.375,0.3119003063284891,0.39178009888248655,0.6531001984126985,0.29719767937888636,0.281834761468781,8,8,218.0,265.0,217.0,172.0,274.0,280.0
data2.1,126,128,201.99,126.0,二等奖,58.375,0.44894197918272516,0.4814631021392614,0.6741698762838468,0.43144463045735804,0.4762880907408452,8,7,218.0,139.0,164.0,136.0,148.0,123.0
data2.1,127,129,201.99,127.0,二等奖,57.125,0.4402429201764883,0.5822707837127741,0.667438356921716,0.4273811607658282,0.44325765060515115,8,8,275.0,147.0,125.0,144.0,149.0,146.0
data2.1,128,130,201.85,128.0,二等奖,56.875,0.5405893456071678,0.7853563041106972,0.6600646238127551,0.5132723066651257,0.5132723066651258,8,7,285.0,109.0,93.0,155.0,111.0,110.0
data2.1,129,131,201.73,129.0,二等奖,57.5,0.38307965832029944,0.39432282198368807,0.594122270387028,0.36519015799634996,0.3878203314532051,8,7,255.0,204.0,214.0,294.0,217.0,194.0
data2.1,130,132,201.71,130.0,二等奖,58.125,0.3310072499978864,0.43661022861857807,0.6309200087692735,0.31065854226109263,0.31065854226109274,8,8,228.0,248.0,183.0,212.0,256.0,259.0
data2.1,131,133,201.64,131.0,二等奖,57.25,0.5123270699776163,0.6133072452376378,0.6922706582633054,0.4797472673426758,0.49246661568483197,8,8,268.0,115.0,117.0,112.0,122.0,118.0
data2.1,132,134,201.64,132.0,三等奖,56.25,0.3447312394068033,0.491223879900955,0.6641996381886088,0.3368117389636868,0.33708504100303377,8,8,308.0,241.0,158.0,150.0,235.0,235.0
data2.1,133,135,201.22,133.0,三等奖,60.5,0.7403238652669569,0.9857941869273316,0.7145411036036036,0.7190571119948105,0.7189831051190227,8,8,130.0,79.0,62.0,91.0,80.0,78.0
data2.1,134,136,201.08,134.0,三等奖,58.625,0.7320597825999707,0.9092139555514709,0.723529411764706,0.69630595624478,0.687570287105206,8,8,205.0,81.0,73.0,85.0,83.0,86.0
data2.1,135,137,200.7,135.0,三等奖,54.875,0.44805941968761154,0.5572573615157057,0.6704484096270087,0.4269225238992163,0.45384879249760296,8,8,361.0,140.0,133.0,142.0,150.0,141.0
data2.1,136,138,200.33,136.0,三等奖,60.0,0.2978909563461934,0.34487354904190193,0.6380285118433339,0.2792370907487179,0.29163804514495995,8,8,143.0,274.0,247.0,201.0,285.0,273.0
data2.1,137,139,200.16,137.0,三等奖,57.0,0.45493818743280257,0.5575645688454268,0.656187650498796,0.42238279616662294,0.4384045975746024,8,8,278.0,135.0,132.0,166.0,154.0,151.0
data2.1,138,140,200.03,138.0,三等奖,60.875,0.3940060529053174,0.47067400239193036,0.6595097237648607,0.3933220225672646,0.3792463536900469,8,8,118.0,190.0,168.0,157.0,187.0,202.0
data2.1,139,141,199.65,139.0,三等奖,50.625,0.3558970754569285,0.455861727866989,0.6214044401544401,0.3201888038605259,0.2524337437626048,8,7,515.0,229.0,174.0,225.0,249.0,297.0
data2.1,140,142,199.46,140.0,三等奖,51.75,0.38614118335628883,0.4835857855890232,0.6392069327731092,0.3496806401386115,0.3004231903781338,8,6,485.0,199.0,163.0,199.0,224.0,267.0
data2.1,141,143,199.23,141.0,三等奖,56.375,0.24927949855796516,0.22851635938442902,0.59477759009009,0.23161423564767336,0.20786539269078255,8,8,304.0,308.0,320.0,289.0,319.0,340.0
data2.1,142,144,199.07,142.0,三等奖,55.875,0.2455740219780123,0.31161226021606436,0.6273869167154771,0.2382481508733572,0.2169495424283395,8,8,322.0,313.0,267.0,220.0,312.0,332.0
data2.1,143,145,198.86,143.0,三等奖,54.625,0.2260332513546836,0.12217938917655634,0.5891818218532179,0.21378177458439349,0.22520467775907427,8,8,369.0,330.0,395.0,305.0,336.0,323.0
data2.1,144,146,198.84,144.0,三等奖,58.125,0.26796092398096505,0.39285071913562397,0.6231462100564711,0.26919196983499466,0.2088481850913821,8,8,228.0,296.0,216.0,223.0,289.0,339.0
data2.1,145,147,198.67,145.0,三等奖,55.5,0.26497553987598116,0.22819653030094147,0.6042702891967598,0.23432209197153941,0.24392108354134334,8,7,336.0,300.0,321.0,267.0,317.0,303.0
data2.1,146,148,198.4,146.0,三等奖,61.125,0.3941431951188281,0.46731287246260944,0.6375262023965584,0.3738667867613748,0.3772115821722091,8,8,109.0,189.0,170.0,202.0,207.0,204.0
data2.1,147,149,197.62,147.0,三等奖,58.75,0.4779111496196242,0.7310440972499803,0.6848732638917037,0.45727527634052884,0.4572752763405287,8,7,202.0,126.0,101.0,122.0,132.0,138.0
data2.1,148,150,197.44,148.0,三等奖,61.25,0.42138160295349847,0.526577880129074,0.6891228281853282,0.399240805497244,0.4142806287167485,8,8,103.0,162.0,142.0,117.0,180.0,168.0
data2.1,149,151,197.06,149.0,三等奖,58.375,0.2614399562430937,0.360068121096045,0.630047705129942,0.25002951041579974,0.2628725927856378,8,8,218.0,301.0,241.0,215.0,304.0,289.0
data2.1,150,152,196.96,150.0,三等奖,56.5,0.27633638374618874,0.3722515736882391,0.6381678557255919,0.2697459621319487,0.30539967384687283,8,8,297.0,293.0,234.0,200.0,288.0,263.0
data2.1,151,153,196.18,151.0,三等奖,56.125,0.25531345849267195,0.26081956474510093,0.6186809388613966,0.24706719631580454,0.2307929378747468,8,8,317.0,304.0,301.0,233.0,306.0,315.0
data2.1,152,154,195.92,152.0,三等奖,55.25,0.3626297589001148,0.4941581605887555,0.6573891620516048,0.33588215261830034,0.32700451956440296,8,8,342.0,222.0,156.0,162.0,237.0,241.0
data2.1,153,155,195.6,153.0,三等奖,61.25,0.6169832250785305,0.7142249023066507,0.6785332207207208,0.5687635247249746,0.5687635247249747,8,8,103.0,102.0,107.0,128.0,103.0,101.0
data2.1,154,156,195.4,154.0,三等奖,57.0,0.4381183082627271,0.49262686479400364,0.617306068609609,0.4075253859230936,0.31676942967029387,8,7,278.0,149.0,157.0,236.0,170.0,252.0
data2.1,155,157,195.09,155.0,三等奖,52.875,0.33861983465048157,0.375935623491482,0.6175873521029773,0.3181381956270968,0.31813819562709683,8,7,448.0,244.0,233.0,235.0,251.0,249.0
data2.1,156,158,194.8,156.0,三等奖,53.375,0.3616478418933388,0.40544620734028386,0.6116494514472456,0.32233482861634394,0.28322811909350826,8,7,421.0,224.0,209.0,248.0,245.0,278.0
data2.1,157,159,194.58,158.0,三等奖,55.25,0.29359113601882775,0.2807186892577423,0.5916170634920636,0.2687524601456268,0.28153629335059,8,8,342.0,278.0,291.0,301.0,290.0,281.0
data2.1,158,160,194.56,157.0,三等奖,61.875,0.4084621714073384,0.41571978540817073,0.6143884299215181,0.368312681703589,0.368312681703589,8,6,77.0,176.0,200.0,241.0,213.0,212.0
data2.1,159,161,194.36,159.0,三等奖,63.0,0.2703754492953299,0.3060082015437827,0.6339388627072451,0.26173928721515943,0.2403198712312016,8,8,59.0,295.0,271.0,207.0,293.0,307.0
data2.1,160,162,193.56,160.0,三等奖,61.0,0.43669206019053175,0.5989063783159505,0.6443987903973923,0.4027436613012607,0.38437415318636664,8,8,111.0,150.0,122.0,190.0,177.0,200.0
data2.1,161,163,193.16,161.0,三等奖,55.0,0.396845851221634,0.6013874703170535,0.6581152152641878,0.3738629624244884,0.318015998978916,8,7,348.0,185.0,120.0,161.0,208.0,250.0
data2.1,162,164,192.99,162.0,三等奖,54.125,0.18027638766385506,0.17742185007462224,0.5669306822404521,0.16071668495830968,0.14240902691339932,8,7,388.0,361.0,351.0,342.0,372.0,390.0
data2.1,163,165,192.77,163.0,三等奖,55.625,0.38876843854345366,0.37161121362861554,0.615250058356676,0.35832540976075494,0.3780501246219977,8,8,327.0,197.0,235.0,240.0,220.0,203.0
data2.1,164,166,192.38,164.0,三等奖,61.375,0.4080864124484124,0.49820644342093146,0.631046826625387,0.38270250376961973,0.4221521291504639,8,8,93.0,177.0,152.0,211.0,198.0,162.0
data2.1,165,167,192.35,165.0,三等奖,51.5,0.18476072640626146,0.2248611364353979,0.589709453166998,0.14751553505161455,0.1422344582667093,8,8,492.0,356.0,326.0,303.0,382.0,391.0
data2.1,166,168,192.09,166.0,三等奖,57.75,0.4393068470692916,0.49791445607916673,0.6325436753648828,0.39384458456783267,0.440755854346555,8,8,246.0,148.0,153.0,209.0,185.0,150.0
data2.1,167,169,191.95,167.0,三等奖,53.125,0.2671608065295118,0.3452301105073262,0.5873954594685229,0.24476510928082876,0.24476510928082873,8,7,437.0,297.0,246.0,314.0,308.0,302.0
data2.1,168,170,191.82,168.0,三等奖,56.375,0.27962948557354605,0.43405198999567357,0.6196204138047914,0.27487449899535066,0.3017324530376359,8,8,304.0,291.0,186.0,231.0,286.0,266.0
data2.1,169,171,191.65,169.0,三等奖,54.125,0.18548600012204444,0.22004591890265712,0.5695033326177564,0.1546023803637413,0.15460238036374127,8,7,388.0,355.0,329.0,340.0,378.0,379.0
data2.1,170,172,191.36,170.0,三等奖,58.25,0.3639475173994427,0.5097138502535848,0.6042372861306685,0.33946736168730557,0.3487137781669861,8,8,221.0,221.0,147.0,268.0,232.0,226.0
data2.1,171,173,191.06,171.0,三等奖,57.625,0.2493839161146913,0.20583703809118617,0.594526332839689,0.2266881953212012,0.1951626006889551,8,8,250.0,307.0,336.0,291.0,325.0,346.0
data2.1,172,174,191.04,173.0,三等奖,52.875,0.22648221087319295,0.23682138716537743,0.6054242530345472,0.21439732087785954,0.2579750819858131,8,8,448.0,328.0,318.0,263.0,335.0,292.0
data2.1,173,175,191.03,172.0,三等奖,54.375,0.3776828458068464,0.3768594989254641,0.6253253384687208,0.34159669104254825,0.3460752315997184,8,7,385.0,211.0,232.0,221.0,230.0,231.0
data2.1,174,176,190.62,174.0,三等奖,58.875,0.31835126848245765,0.41417374986780087,0.5935985880838823,0.29976068662747296,0.299760686627473,8,7,192.0,256.0,201.0,295.0,271.0,268.0
data2.1,175,177,190.59,175.0,三等奖,58.0,0.13812354789278664,0.19303096977807838,0.5745394948519948,0.12224674700223619,0.08040853312486826,8,7,233.0,394.0,342.0,332.0,403.0,434.0
data2.1,176,178,190.43,176.0,三等奖,53.75,0.321030692185634,0.4114862029167978,0.5798172603008974,0.2851191859011384,0.3164977435720356,8,7,405.0,253.0,204.0,324.0,280.0,254.0
data2.1,177,179,190.31,177.0,三等奖,58.625,0.1410242775402072,0.18179758429817006,0.564521467370732,0.14018559531274224,0.14279363369888284,8,8,205.0,389.0,350.0,349.0,390.0,389.0
data2.1,178,180,189.76,178.0,三等奖,60.5,0.24882224884923634,0.30385541059357324,0.6236074835567769,0.22432212800309206,0.1825334207524518,8,8,130.0,309.0,272.0,222.0,326.0,350.0
data2.1,179,181,189.71,179.0,三等奖,53.25,0.22660610162392206,0.2268938175453757,0.5832501750700281,0.19656201062469977,0.22128884743282204,8,7,423.0,327.0,323.0,321.0,344.0,327.0
data2.1,180,182,189.61,180.0,三等奖,56.75,0.2797843527767352,0.38732775984900636,0.6350955368515353,0.25579032712704564,0.276293379100544,8,8,292.0,290.0,220.0,206.0,297.0,284.0
data2.1,181,183,189.29,181.0,三等奖,57.75,0.19192861876078918,0.27315824643776254,0.5967485751596667,0.17096004834867226,0.18909992950506627,8,8,246.0,351.0,297.0,284.0,361.0,348.0
data2.1,182,184,189.09,182.0,三等奖,58.125,0.19346274334992916,0.22797520015245637,0.599452335257793,0.18072942638365752,0.17506402061369566,8,8,228.0,349.0,322.0,277.0,353.0,355.0
data2.1,183,185,188.52,183.0,三等奖,56.0,0.09936116772009837,0.06894434125312313,0.5338528168579538,0.08736173619800505,0.06569984220998622,8,8,318.0,421.0,429.0,410.0,429.0,445.0
data2.1,184,186,188.32,184.0,三等奖,53.875,0.11981899008546915,0.16474145748730945,0.587530637254902,0.1048651913624582,0.14115716664881733,8,8,396.0,407.0,365.0,310.0,411.0,394.0
data2.1,185,187,188.22,185.0,三等奖,61.75,0.3477680523914642,0.5990120316304048,0.6127575482404193,0.31584935608271403,0.21510733007031796,8,8,80.0,238.0,121.0,244.0,252.0,336.0
data2.1,186,188,187.88,186.0,三等奖,54.875,0.14879473228209944,0.16952602570773356,0.5629957557347263,0.11062456446603854,0.0398013234634128,8,8,361.0,382.0,361.0,352.0,409.0,461.0
data2.1,187,189,187.72,187.0,三等奖,59.125,0.4171146088731371,0.38552894444393726,0.6368445914401797,0.3942733350566874,0.4120442226645326,8,6,181.0,164.0,224.0,203.0,184.0,171.0
data2.1,188,190,187.68,188.0,三等奖,58.5,0.33106817901846675,0.2735893316629861,0.5994806255835667,0.30795980068320344,0.3468020517274982,8,8,210.0,247.0,295.0,276.0,262.0,229.0
data2.1,189,191,187.59,189.0,三等奖,52.0,0.20108845777970902,0.1962400599086152,0.5690458550655919,0.1613380206853443,0.1444367899212611,8,8,475.0,345.0,341.0,341.0,371.0,386.0
data2.1,190,192,187.57,190.0,三等奖,53.625,0.09442106402420619,0.16377672451284245,0.5421117970469428,0.08612608133514996,0.06616134261080649,8,7,407.0,424.0,367.0,396.0,431.0,444.0
data2.1,191,193,187.49,191.0,三等奖,52.625,0.2839119217579771,0.3846266429734662,0.6191253242827394,0.23718463470986714,0.21637351400275423,8,7,455.0,286.0,225.0,232.0,315.0,333.0
data2.1,192,194,187.34,192.0,三等奖,53.5,0.11287990049107152,0.14438657068159294,0.5560892993041966,0.10318247112184353,0.09680815196996065,8,8,414.0,411.0,378.0,368.0,414.0,419.0
data2.1,193,195,187.14,193.0,三等奖,62.375,0.325255515687396,0.4804742954783425,0.6307813478207924,0.28766323652720316,0.24382054052728014,8,8,71.0,251.0,165.0,214.0,278.0,304.0
data2.1,194,196,186.79,194.0,三等奖,62.75,0.505153177563789,0.6059984370890887,0.6594285959998034,0.45796473481898836,0.5145683686087066,8,7,65.0,118.0,118.0,158.0,131.0,109.0
data2.1,195,197,186.76,195.0,三等奖,62.75,0.35240014230963773,0.4011176107493389,0.6198773131822668,0.3002540434584251,0.35111529271009145,8,7,65.0,235.0,212.0,230.0,270.0,223.0
data2.1,196,198,186.54,196.0,三等奖,50.375,0.20618522575013834,0.2763873097240156,0.5501119526758071,0.18893655654396743,0.23944482037014453,8,6,525.0,342.0,294.0,380.0,348.0,308.0
data2.1,197,199,185.16,197.0,三等奖,56.375,0.28674344891371456,0.3222515489816178,0.5991020558229463,0.251488261956065,0.23804611191273745,8,8,304.0,283.0,260.0,280.0,302.0,310.0
data2.1,198,200,185.0,198.0,三等奖,53.375,0.10867089677265457,0.09032048186236777,0.5826213818860877,0.10424375880839694,0.11519134380597801,8,8,421.0,414.0,411.0,322.0,413.0,405.0
data2.1,199,201,184.68,199.0,三等奖,55.25,0.061465371648829537,0.09394692721281146,0.5055812246069599,0.04933256691326325,0.05905922308281071,8,8,342.0,457.0,409.0,462.0,458.0,450.0
data2.1,200,202,184.33,200.0,三等奖,57.375,0.10657488125322728,0.1923831598052561,0.5651669789537437,0.07084659924869363,0.07084659924869362,8,6,267.0,417.0,343.0,348.0,445.0,440.0
data2.1,201,203,184.29,201.0,三等奖,52.125,0.06849485116897808,0.09714334633395738,0.5581641292435596,0.06456575786674726,0.024328342992985533,8,7,474.0,450.0,406.0,364.0,450.0,470.0
data2.1,202,204,184.11,202.0,三等奖,63.25,0.3535741292205966,0.4446031358212662,0.6053013957930591,0.30880489100719366,0.3241126211830371,8,8,53.0,234.0,180.0,264.0,260.0,243.0
data2.1,203,205,183.74,203.0,三等奖,55.0,0.07363390544129916,0.17055262374651503,0.5416953842940685,0.06367318208055514,0.09178565128294089,8,8,348.0,442.0,360.0,398.0,451.0,424.0
data2.1,204,206,183.24,204.0,三等奖,58.125,0.05827912425943871,0.07628169303604349,0.5262394068533129,0.031650369494022494,-0.002544515162875584,8,8,228.0,458.0,423.0,431.0,472.0,484.0
data2.1,205,207,183.09,205.0,三等奖,59.375,0.31335069142284816,0.2601859896477461,0.6044664427120932,0.24856178811638216,0.24856178811638222,8,7,169.0,263.0,302.0,266.0,305.0,299.0
data2.1,206,208,182.93,206.0,三等奖,55.0,0.12570129548413128,0.15895365070800122,0.5427095653916263,0.09340348188748693,0.093403481887487,8,7,348.0,402.0,368.0,392.0,420.0,423.0
data2.1,207,209,182.5,207.0,三等奖,56.875,0.07400153434559514,0.13683350389137522,0.5505052648913447,0.06818073118199677,0.08764069215015749,8,8,285.0,441.0,380.0,378.0,448.0,428.0
data2.1,208,210,182.39,208.0,三等奖,53.875,0.11205906258643969,0.22115233568086662,0.5550098832435707,0.08963345697577088,0.08963345697577091,8,7,396.0,413.0,327.0,370.0,426.0,426.0
data2.1,209,211,182.25,209.0,三等奖,61.125,0.2929723289380985,0.42582733507992837,0.6130449646074646,0.2538623893140472,0.22147382802469093,8,7,109.0,280.0,194.0,243.0,300.0,326.0
data2.1,210,212,182.08,210.0,三等奖,54.625,0.06741342836769137,0.1572473496795634,0.5658886800334169,0.030982567982143123,0.05114772279479445,8,8,369.0,452.0,371.0,346.0,473.0,454.0
data2.1,211,213,181.98,211.0,三等奖,53.25,0.22140927481758965,0.18954844936228987,0.5157212885154061,0.18023022934785965,0.22333582953745354,8,7,423.0,331.0,346.0,453.0,354.0,325.0
data2.1,212,214,181.73,213.0,三等奖,54.125,0.05667934659014867,0.055825733688947,0.5226034381264538,0.03885807010588753,0.055726567579399644,8,8,388.0,460.0,435.0,438.0,465.0,452.0
data2.1,213,215,181.72,212.0,三等奖,50.75,0.09815718104585172,0.23811567720916163,0.5488016333293881,0.0783549662635489,0.10233927803659906,8,8,514.0,422.0,316.0,381.0,436.0,416.0
data2.1,214,216,181.36,214.0,三等奖,59.375,0.3181494906420599,0.33330167891074414,0.5967238993748282,0.2564771974792828,0.25647719747928277,8,8,169.0,257.0,255.0,285.0,296.0,295.0
data2.1,215,217,181.03,215.0,三等奖,53.25,0.18903776526096366,0.429948553178015,0.5314078107134238,0.17170035074379966,0.19314149991066798,8,8,423.0,352.0,190.0,415.0,360.0,347.0
data2.1,216,218,180.89,217.0,三等奖,51.625,0.10142734253709379,0.17384196360319382,0.5431992204776648,0.07428801324817426,0.1029764205491747,8,8,486.0,420.0,356.0,390.0,441.0,415.0
data2.1,217,219,180.86,216.0,三等奖,53.25,0.14530648953463013,0.1992357377322978,0.5530189215086675,0.12105954222997438,0.1210595422299744,8,7,423.0,386.0,339.0,373.0,406.0,401.0
data2.1,218,220,180.76,218.0,三等奖,52.875,0.040592606821279076,0.023747367940002484,0.5538311325239709,0.008851971664710807,0.00885197166471076,8,8,448.0,467.0,453.0,372.0,480.0,475.0
data2.1,219,221,180.5,219.0,三等奖,54.625,0.1123061464809845,0.17700796737623936,0.526537049758363,0.0745670444281505,0.08904958833475196,8,8,369.0,412.0,352.0,430.0,439.0,427.0
data2.1,220,222,180.41,220.0,三等奖,57.5,0.055633027421674586,0.15105782634111242,0.5661056075821613,0.03940585704582834,0.03940585704582834,8,8,255.0,461.0,376.0,345.0,463.0,462.0
data2.1,221,223,180.13,221.0,三等奖,56.375,0.1468303007526145,0.3551180786052669,0.5276829481792717,0.126702365586484,0.119878682835481,8,8,304.0,384.0,244.0,425.0,398.0,402.0
data2.1,222,224,179.39,222.0,三等奖,54.5,0.014832967769390526,0.10607633407107303,0.5279573469975947,-0.008923663824801692,0.006211997878367436,8,8,378.0,480.0,401.0,422.0,489.0,477.0
data2.1,223,225,178.09,223.0,三等奖,57.875,0.14116437014826294,0.29106837957931697,0.5609649461104941,0.11180932628606446,0.08746066946540991,8,7,241.0,388.0,284.0,359.0,408.0,429.0
data2.1,224,226,177.82,224.0,三等奖,58.875,0.2119850131165643,0.44666670020777666,0.5367223972922502,0.17037072068356368,0.1703707206835638,8,8,192.0,340.0,179.0,406.0,363.0,361.0
data2.1,225,227,177.33,225.0,三等奖,51.125,-0.003719021059437333,0.05829452409784258,0.526775237800039,-0.030770490797585155,-0.03077049079758519,8,7,503.0,487.0,433.0,427.0,501.0,502.0
data2.1,226,228,177.12,226.0,三等奖,55.0,0.12018063446005703,0.08221128213034318,0.5753811612364244,0.08967422998864193,0.08353128289134364,8,8,348.0,406.0,418.0,329.0,425.0,431.0
data2.1,227,229,176.12,227.0,三等奖,46.625,-0.043329753953012085,0.07604445332085963,0.511793545317027,-0.07525450813297409,-0.08665253750903623,8,8,637.0,510.0,424.0,455.0,528.0,533.0
data2.1,228,230,174.24,228.0,三等奖,52.0,-0.03746326975891898,0.0071901882909572445,0.4939055108645236,-0.0653345589069192,-0.04064700316533038,8,7,475.0,506.0,460.0,479.0,522.0,509.0
data2.1,229,231,172.61,229.0,三等奖,52.25,-0.07852756454828203,0.033979325005225436,0.48941397263352315,-0.09300602422789661,-0.09300602422789662,8,8,468.0,531.0,450.0,493.0,539.0,538.0
data2.1,230,232,172.42,230.0,三等奖,52.25,-0.1105434682682227,-0.11403649859740511,0.4568203285937419,-0.14077490678007318,-0.11536974765724554,8,8,468.0,548.0,522.0,537.0,563.0,549.0
data2.1,231,233,172.34,231.0,三等奖,50.0,0.06596183525849864,0.15153326625615704,0.5581633797885351,0.03659729559202044,0.04637895501297168,8,8,530.0,454.0,374.0,365.0,467.0,457.0
data2.1,232,234,172.22,233.0,三等奖,50.625,-0.07623072701033293,0.17269834651461524,0.5277302530601281,-0.09007345373731435,-0.09007345373731429,8,7,515.0,529.0,358.0,424.0,537.0,536.0
data2.1,233,235,172.21,232.0,三等奖,56.625,-0.06843514833865816,0.0770369787814249,0.5417526182473938,-0.08509326706564117,-0.12084979144158108,8,8,293.0,525.0,422.0,397.0,533.0,556.0
data2.1,234,236,169.55,234.0,三等奖,53.25,-0.13076356690090846,-0.09889786861873595,0.5101305985884159,-0.1759990198815429,-0.1736974203054117,8,8,423.0,558.0,513.0,456.0,579.0,578.0
data2.1,235,237,169.21,235.0,三等奖,47.875,-0.08270138179781136,0.04768518275195738,0.4840336134453782,-0.10770889940550568,-0.06912725038629686,8,8,599.0,536.0,443.0,500.0,546.0,522.0
data2.1,236,238,167.17,236.0,三等奖,46.875,-0.12930917121387914,-0.06029878471251027,0.4486178061407211,-0.18352775596039536,-0.24651031942137255,8,6,629.0,557.0,488.0,543.0,584.0,608.0
data2.1,237,239,165.72,237.0,三等奖,53.75,-0.13627712127289127,-0.030883818344680125,0.5000088302865006,-0.17892818914244898,-0.2088239517018362,8,8,405.0,564.0,474.0,471.0,582.0,594.0
data2.1,238,240,165.09,238.0,三等奖,57.125,0.06175450537102872,0.00807340320695249,0.5351030341405156,0.004347335743385484,-0.009572440581948654,8,8,275.0,456.0,459.0,408.0,482.0,493.0
data2.1,239,241,161.45,239.0,三等奖,53.625,-0.2023756386902641,-0.1385114952496579,0.4816763876603272,-0.232791403679321,-0.2475828179621454,8,8,407.0,590.0,534.0,505.0,608.0,609.0
data2.1,240,242,158.6,240.0,三等奖,57.5,-0.1498063890511962,-0.09670255775071629,0.5211129888765555,-0.212481361484141,-0.21248136148414098,8,6,255.0,570.0,511.0,440.0,596.0,597.0
data2.1,241,243,256.27,440.0,未获奖,57.6,0.12546948529275087,0.08350837974472132,0.5176470588235295,0.12324232279359786,0.10799703404438245,5,5,251.0,403.0,417.0,446.0,402.0,411.0
data2.1,242,244,169.35,836.0,未获奖,23.6,-1.6219440346763965,-1.7203261537539158,0.05714285714285714,-1.6220738751892665,-1.6186427275980115,5,5,866.0,833.0,809.0,856.0,833.0,833.0
data2.1,243,245,224.32,683.0,未获奖,50.0,-0.5256834836687801,-0.7832206984478599,0.2633333333333333,-0.5247079414839407,-0.53421243595522,5,5,530.0,683.0,698.0,711.0,686.0,685.0
data2.1,244,246,244.58,555.0,未获奖,45.4,-0.1145280284657888,-0.226213823947535,0.42833333333333334,-0.1213542570280749,-0.14457917910659518,5,5,661.0,550.0,565.0,565.0,555.0,567.0
data2.1,245,247,238.39,609.0,未获奖,47.0,-0.2421390651362348,-0.29622371951282045,0.3821218487394958,-0.22402434166365193,-0.23772823403383916,5,5,620.0,611.0,585.0,623.0,604.0,606.0
data2.1,246,248,207.59,756.0,未获奖,42.4,-0.8482271885963932,-1.1540215708568602,0.22824929971988794,-0.8463164199568414,-0.8463164199568414,5,5,705.0,755.0,760.0,737.0,754.0,754.0
data2.1,247,249,158.32,854.0,未获奖,34.8,-1.864443045927264,-2.8735672987946734,0.09428571428571428,-1.88919097994173,-1.8554155566600659,5,5,795.0,853.0,870.0,827.0,854.0,851.0
data2.1,248,250,261.96,376.0,未获奖,60.6,0.23921195486459013,0.20507730948847908,0.5736764705882353,0.23381029552522403,0.25546397934723,5,5,125.0,316.0,337.0,333.0,318.0,296.0
data2.1,249,251,259.01,409.0,未获奖,53.0,0.17997043826499184,0.13644231572195958,0.5608333333333333,0.18306060771201318,0.20049487000839758,5,5,438.0,363.0,382.0,360.0,351.0,345.0
data2.1,250,252,230.01,652.0,未获奖,50.4,-0.4208022423244417,-0.7629239923857487,0.274453781512605,-0.41228361906058797,-0.41228361906058797,5,5,519.0,655.0,696.0,695.0,655.0,652.0
data2.1,251,253,164.4,844.0,未获奖,32.8,-1.7120549380119154,-2.492243356266019,0.07731092436974792,-1.7064704329780394,-1.7970542498597135,5,5,813.0,841.0,855.0,839.0,840.0,848.0
data2.1,252,254,225.74,676.0,未获奖,38.4,-0.4925936237857579,-0.5214991253032533,0.30420168067226894,-0.47762263864495574,-0.42706443058063376,5,5,759.0,675.0,645.0,670.0,673.0,660.0
data2.1,253,255,247.06,531.0,未获奖,47.8,-0.05867525872583812,-0.05229493291006846,0.50703081232493,-0.06061624729577448,-0.06061624729577448,5,5,600.0,518.0,484.0,460.0,520.0,517.0
data2.1,254,256,183.35,813.0,未获奖,40.6,-1.3328993086051208,-1.870114379433002,0.12833333333333333,-1.3448183555716606,-1.2755432807921587,5,5,732.0,811.0,817.0,809.0,812.0,803.0
data2.1,255,257,246.37,538.0,未获奖,52.0,-0.0909629004132115,-0.17959168100811163,0.4510994397759103,-0.10209308445342996,-0.10209308445342989,5,5,475.0,541.0,546.0,541.0,544.0,544.0
data2.1,256,258,256.34,439.0,未获奖,53.8,0.10575805207606599,-0.016084010418288042,0.52,0.12437163929187287,0.12123893414561256,5,5,399.0,418.0,468.0,444.0,401.0,399.0
data2.1,257,259,212.27,735.0,未获奖,39.6,-0.7544221524658702,-0.9203587006096111,0.23523809523809525,-0.7570230861837464,-0.7570230861837461,5,5,746.0,732.0,729.0,735.0,734.0,736.0
data2.1,258,260,263.68,360.0,未获奖,61.0,0.2734016212467124,0.21920949682989344,0.586953781512605,0.271445869071492,0.2606336092042515,5,5,111.0,294.0,330.0,316.0,287.0,291.0
data2.1,259,261,243.2,566.0,未获奖,49.8,-0.14426016014757467,-0.19733178373405005,0.43195378151260505,-0.13591683570238441,-0.13591683570238436,5,5,541.0,567.0,553.0,560.0,561.0,561.0
data2.1,260,262,247.99,520.0,未获奖,57.0,-0.049755773111797866,-0.14774559493296846,0.43133053221288514,-0.042722525486381474,-0.07832317629209186,5,5,278.0,515.0,537.0,561.0,511.0,527.0
data2.1,261,263,187.35,804.0,未获奖,27.0,-1.2621626897449332,-1.20431639047584,0.1411764705882353,-1.271869307642921,-1.2854882627059847,5,5,848.0,805.0,765.0,801.0,805.0,805.0
data2.1,262,264,218.23,709.0,未获奖,45.4,-0.6355183322596777,-0.9129714208629627,0.2713795518207283,-0.6305411503028526,-0.6305411503028526,5,5,661.0,709.0,728.0,701.0,706.0,708.0
data2.1,263,265,203.47,769.0,未获奖,32.4,-0.9395770707853892,-1.0008693436455476,0.1773109243697479,-0.93309680832074,-0.9214071380351299,5,5,815.0,769.0,737.0,776.0,769.0,766.0
data2.1,264,266,224.42,682.0,未获奖,44.0,-0.5114794088748802,-0.6217140474526148,0.3126050420168067,-0.5134319954088421,-0.5134319954088421,5,5,682.0,681.0,667.0,667.0,681.0,681.0
data2.1,265,267,229.31,659.0,未获奖,47.4,-0.43926445882017157,-0.6511471201879944,0.2883333333333333,-0.4313206078526651,-0.46033935347546434,5,5,613.0,662.0,676.0,685.0,661.0,669.0
data2.1,266,268,211.62,738.0,未获奖,37.8,-0.7762036459879821,-0.8655964746616306,0.19663865546218487,-0.7687217426607881,-0.7449233064136875,5,5,765.0,739.0,715.0,765.0,739.0,732.0
data2.1,267,269,242.91,569.0,未获奖,50.8,-0.1419816079519208,-0.22177053317226703,0.4654341736694677,-0.1501033504174775,-0.15010335041747752,5,5,509.0,565.0,563.0,529.0,567.0,568.0
data2.1,268,270,206.17,760.0,未获奖,35.8,-0.8764880520342505,-0.8921673227622235,0.2512605042016807,-0.8942968348352968,-0.9418446801426744,5,5,787.0,759.0,723.0,720.0,762.0,769.0
data2.1,269,271,261.5,383.0,未获奖,56.2,0.22140882011094565,0.3210733790724845,0.5944887955182073,0.23743525112180938,0.2181281862997217,5,5,309.0,332.0,262.0,292.0,314.0,330.0
data2.1,270,272,145.79,869.0,未获奖,23.4,-2.091818566142866,-2.5793139815802704,0.03939775910364146,-2.0924076937052227,-2.0924076937052227,5,5,867.0,866.0,861.0,868.0,866.0,866.0
data2.1,271,273,248.91,510.0,未获奖,50.4,-0.0272646495560945,-0.17536759746391478,0.46534313725490195,-0.03611996132000902,-0.036119961320009,5,5,519.0,500.0,544.0,530.0,505.0,507.0
data2.1,272,274,231.42,641.0,未获奖,47.2,-0.3813008238718809,-0.589709988738722,0.3375,-0.40215249690283394,-0.4265393581489654,5,5,617.0,641.0,658.0,655.0,650.0,659.0
data2.1,273,275,250.14,498.0,未获奖,57.6,-0.005644049210445224,-0.1291168025283768,0.43868347338935576,-0.0038298738139350024,-0.015620407346008213,5,5,251.0,488.0,529.0,551.0,486.0,498.0
data2.1,274,276,269.47,301.0,未获奖,59.2,0.38918624887260256,0.41913092457300005,0.6747619047619048,0.3960488636946041,0.37275917475558784,5,5,173.0,196.0,198.0,134.0,183.0,208.0
data2.1,275,277,224.61,679.0,未获奖,44.2,-0.507755807445468,-0.6332718797308032,0.3226890756302521,-0.5131605571592532,-0.6159541655073579,5,5,679.0,679.0,671.0,658.0,680.0,706.0
data2.1,276,278,244.26,558.0,未获奖,41.8,-0.12156130279364141,-0.04879108480889137,0.5,-0.11539273485521566,-0.09934608840115652,5,5,716.0,556.0,481.0,472.0,551.0,543.0
data2.1,277,279,247.63,522.0,未获奖,53.0,-0.04752818490732792,-0.1679803177172663,0.47489495798319326,-0.05049564946972794,-0.05049564946972791,5,5,438.0,512.0,540.0,518.0,515.0,512.0
data2.1,278,280,265.09,346.0,未获奖,59.2,0.29214235111470555,0.2537031909329509,0.5874509803921569,0.2868201024621435,0.2652115772668615,5,5,173.0,282.0,305.0,313.0,279.0,287.0
data2.1,279,281,265.16,345.0,未获奖,55.2,0.2980140602100615,0.24962971138608533,0.6283823529411764,0.30431798790593056,0.3043179879059306,5,5,345.0,273.0,307.0,217.0,264.0,264.0
data2.1,280,282,269.51,299.0,未获奖,55.4,0.3901077757553163,0.33965427530785686,0.6441666666666667,0.38923848814744116,0.3559389393841216,5,5,337.0,194.0,250.0,191.0,191.0,221.0
data2.1,281,283,235.3,626.0,未获奖,51.6,-0.2939641247085049,-0.5975666942886692,0.35126050420168065,-0.3009564580856916,-0.3157918927185977,5,5,487.0,625.0,660.0,640.0,625.0,627.0
data2.1,282,284,197.15,782.0,未获奖,31.6,-1.0654000822921845,-1.1242583278196392,0.15714285714285717,-1.0806027280467458,-1.131592062212285,5,5,825.0,782.0,757.0,790.0,784.0,790.0
data2.1,283,285,262.01,375.0,未获奖,47.0,0.23593299012641,0.34079533110396387,0.6049159663865546,0.24578713106107064,0.23055249417582807,5,5,620.0,318.0,249.0,265.0,307.0,316.0
data2.1,284,286,236.6,617.0,未获奖,44.8,-0.26795757264404524,-0.23493301518392573,0.4330812324929972,-0.2634264495380029,-0.263426449538003,5,5,669.0,617.0,568.0,558.0,614.0,613.0
data2.1,285,287,246.29,539.0,未获奖,51.4,-0.07412726736538036,-0.07916391545435827,0.4705602240896359,-0.07084719516782369,-0.0058992693554728755,5,5,493.0,527.0,499.0,521.0,525.0,491.0
data2.1,286,288,259.57,401.0,未获奖,54.8,0.18062471810527464,0.247585799993732,0.5707072829131652,0.18518738737394277,0.18518738737394275,5,5,363.0,360.0,309.0,339.0,349.0,349.0
data2.1,287,289,262.7,366.0,未获奖,54.8,0.24866388427154834,0.14464079619886988,0.5723669467787114,0.24421526004804467,0.27631822617663226,5,5,363.0,310.0,377.0,335.0,309.0,283.0
data2.1,288,290,223.45,688.0,未获奖,49.8,-0.5309377658972192,-1.2738239771829414,0.2947268907563025,-0.5336022834335604,-0.5735536988039476,5,5,541.0,686.0,776.0,678.0,689.0,696.0
data2.1,289,291,255.68,446.0,未获奖,48.6,0.1136196873366924,0.17129437404629635,0.5722689075630252,0.12987131706064797,0.1617511705912396,5,5,574.0,410.0,359.0,336.0,396.0,369.0
data2.1,290,292,227.76,668.0,未获奖,48.2,-0.4506620684227288,-0.6502704094772085,0.27137254901960783,-0.449844989307342,-0.44984498930734207,5,5,588.0,665.0,675.0,702.0,666.0,667.0
data2.1,291,293,262.19,373.0,未获奖,55.0,0.2273739973841608,0.18960684683064288,0.5870098039215688,0.2279504817586305,0.22795048175863047,5,5,348.0,324.0,345.0,315.0,324.0,320.0
data2.1,292,294,170.67,833.0,未获奖,27.8,-1.5933998670188165,-1.9807545303296012,0.10120448179271709,-1.5921442818102771,-1.5921442818102771,5,5,846.0,830.0,825.0,820.0,829.0,829.0
data2.1,293,295,198.01,780.0,未获奖,39.2,-1.0397654447486215,-1.3854953044286153,0.1738095238095238,-1.0283660451154863,-1.0648540147310381,5,5,753.0,779.0,785.0,779.0,775.0,781.0
data2.1,294,296,269.47,302.0,未获奖,60.4,0.3785667798664528,0.40753441677849017,0.5875,0.37597607237571806,0.39128633805457996,5,5,134.0,210.0,207.0,311.0,205.0,189.0
data2.1,295,297,266.7,329.0,未获奖,62.0,0.33377330828550406,0.3129958310047343,0.6,0.331873375685707,0.3243166828558631,5,5,75.0,245.0,266.0,275.0,239.0,242.0
data2.1,296,298,172.6,828.0,未获奖,26.2,-1.5548385324183964,-1.9164184886564493,0.08583333333333334,-1.5514494970616437,-1.5362498552511956,5,5,851.0,826.0,821.0,833.0,826.0,825.0
data2.1,297,299,223.57,686.0,未获奖,41.0,-0.5344664313276891,-0.7268148911208402,0.3028221288515406,-0.5361478805261991,-0.5361478805261992,5,5,726.0,688.0,690.0,672.0,690.0,686.0
data2.1,298,300,252.67,478.0,未获奖,57.2,0.0551963109539068,-0.08235887168345793,0.46035014005602237,0.05334692545768606,0.11625915333197329,5,5,270.0,462.0,500.0,535.0,453.0,404.0
data2.1,299,301,255.08,451.0,未获奖,47.6,0.0922635892356849,0.05789238147754834,0.48098039215686283,0.10015720602754905,0.15586558030201084,5,5,603.0,429.0,434.0,508.0,417.0,375.0
data2.1,300,302,262.89,365.0,未获奖,56.0,0.25778671057545705,0.2489274443948665,0.5991666666666666,0.2554932976594322,0.2246480269068173,5,5,318.0,303.0,308.0,279.0,298.0,324.0
data2.1,301,303,138.55,875.0,未获奖,25.6,-2.248612197022558,-3.816493547371735,0.05102240896358543,-2.257659643819344,-2.2132646788548915,5,5,854.0,873.0,879.0,859.0,873.0,872.0
data2.1,302,304,165.18,842.0,未获奖,33.6,-1.730064984573901,-2.792766461321702,0.07849439775910363,-1.7183069155354407,-1.7183069155354411,5,5,806.0,844.0,868.0,838.0,843.0,843.0
data2.1,303,305,243.33,564.0,未获奖,56.2,-0.13338951636794094,-0.32172702091124206,0.4058333333333334,-0.13064503897255725,-0.1167194537709256,5,5,309.0,562.0,598.0,595.0,558.0,550.0
data2.1,304,306,205.66,763.0,未获奖,39.6,-0.9143188534948046,-1.48746624869652,0.18829831932773108,-0.9123864883382201,-0.91238648833822,5,5,746.0,767.0,797.0,770.0,766.0,764.0
data2.1,305,307,252.03,483.0,未获奖,57.8,0.04074034841744424,-0.08993210126354603,0.4655462184873949,0.04579350270489326,0.08618306743251547,5,5,243.0,466.0,507.0,527.0,459.0,430.0
data2.1,306,308,153.72,862.0,未获奖,22.6,-1.9254920426305326,-2.2387287158634797,0.0475,-1.9311142355711914,-1.9057136996374902,5,5,871.0,858.0,846.0,862.0,857.0,854.0
data2.1,307,309,262.33,372.0,未获奖,47.2,0.24044043874910814,0.29826506961270216,0.6092436974789915,0.2607714005919985,0.33673480542658,5,5,617.0,315.0,278.0,252.0,294.0,236.0
data2.1,308,310,232.78,634.0,未获奖,44.8,-0.34427257664270955,-0.4978384177089155,0.34949579831932776,-0.34259965426624983,-0.3425996542662498,5,5,669.0,631.0,640.0,645.0,632.0,633.0
data2.1,309,311,258.24,415.0,未获奖,56.8,0.16477736392156545,0.08829697214966338,0.5403361344537816,0.17039022145109642,0.17039022145109642,5,5,289.0,371.0,413.0,401.0,362.0,360.0
data2.1,310,312,230.86,650.0,未获奖,50.0,-0.3957082849409209,-0.5804339528167513,0.29,-0.3917586463264527,-0.40967102963680024,5,5,530.0,650.0,655.0,683.0,646.0,651.0
data2.1,311,313,269.02,309.0,未获奖,51.6,0.37551604658435495,0.4072886509147132,0.6599999999999999,0.3730140510389887,0.3596669680499514,5,5,487.0,214.0,208.0,156.0,209.0,219.0
data2.1,312,314,254.66,457.0,未获奖,52.6,0.09315332812518676,-0.027745535637077528,0.49000000000000005,0.08529935656467887,0.060159393899192046,5,5,457.0,428.0,472.0,491.0,432.0,449.0
data2.1,313,315,221.4,699.0,未获奖,37.0,-0.579688446462286,-0.597187110744375,0.292436974789916,-0.5742162087453191,-0.5459896289259241,5,5,768.0,698.0,659.0,682.0,697.0,689.0
data2.1,314,316,268.35,317.0,未获奖,48.8,0.36176783371673804,0.4016967189771723,0.6663865546218487,0.36762481727306073,0.4115961296092906,5,5,566.0,223.0,210.0,147.0,215.0,172.0
data2.1,315,317,251.21,494.0,未获奖,53.4,0.01444270244166626,-0.0826744229159616,0.4916176470588235,-6.161101482979834e-05,-6.161101482978686e-05,5,5,415.0,481.0,501.0,487.0,484.0,480.0
data2.1,316,318,264.14,357.0,未获奖,58.6,0.28280803388618586,0.2925159925309024,0.5841666666666667,0.29767632707420966,0.28262412753797334,5,5,207.0,287.0,282.0,318.0,273.0,279.0
data2.1,317,319,217.97,713.0,未获奖,40.8,-0.6461038969102187,-0.8378674101053705,0.27483893557422967,-0.6402412757709818,-0.6402412757709819,5,5,729.0,712.0,709.0,694.0,712.0,712.0
data2.1,318,320,256.89,434.0,未获奖,53.0,0.13166038889978388,0.05048798047583967,0.5233333333333333,0.12177283276054607,0.13574082013113406,5,5,438.0,400.0,441.0,437.0,404.0,396.0
data2.1,319,321,235.34,625.0,未获奖,54.0,-0.30292526087405613,-0.8642046683325519,0.3286834733893558,-0.29886604227627045,-0.3379544744452801,5,5,392.0,626.0,714.0,656.0,624.0,632.0
data2.1,320,322,208.55,751.0,未获奖,43.2,-0.8289831482987069,-1.1654236765527741,0.23803221288515403,-0.8324404563191505,-0.8324404563191505,5,5,692.0,750.0,761.0,732.0,750.0,753.0
data2.1,321,323,224.61,681.0,未获奖,37.0,-0.5158588008975299,-0.4163447506223711,0.3495798319327731,-0.5179953338148523,-0.553957016242877,5,5,768.0,682.0,621.0,644.0,683.0,693.0
data2.1,322,324,231.5,640.0,未获奖,45.4,-0.37012540630276797,-0.47963787340557884,0.3394957983193277,-0.3697531052788952,-0.40096764326243134,5,5,661.0,639.0,635.0,653.0,640.0,646.0
data2.1,323,325,206.19,759.0,未获奖,42.2,-0.8762256152350348,-1.1854978062991015,0.18913865546218486,-0.8818347655099813,-0.8818347655099812,5,5,710.0,758.0,762.0,769.0,758.0,759.0
data2.1,324,326,253.78,471.0,未获奖,51.8,0.06987858305260328,-0.04646491898616545,0.48265406162464985,0.07070046864725435,0.07070046864725438,5,5,480.0,448.0,480.0,503.0,446.0,441.0
data2.1,325,327,239.47,595.0,未获奖,46.6,-0.21057160360853383,-0.29820891820082435,0.4133333333333333,-0.21165875246834095,-0.16780078015550362,5,5,638.0,595.0,586.0,587.0,595.0,575.0
data2.1,326,328,250.16,500.0,未获奖,56.0,-0.016196132842904366,-0.1851102417674656,0.4310504201680672,-0.013028566549957713,-0.013028566549957715,5,5,318.0,495.0,547.0,562.0,493.0,496.0
data2.1,327,329,264.98,349.0,未获奖,48.4,0.2941114578069518,0.3137987961945874,0.6210084033613447,0.3140126396301333,0.3972844654400952,5,5,579.0,277.0,265.0,226.0,253.0,184.0
data2.1,328,330,264.03,358.0,未获奖,53.0,0.2809378016814431,0.27347534429687415,0.6055392156862746,0.280454121610449,0.28045412161044914,5,5,438.0,288.0,296.0,262.0,283.0,282.0
data2.1,329,331,178.08,821.0,未获奖,40.8,-1.438507911817493,-2.1324952292598036,0.11231792717086835,-1.4598791618176996,-1.4051296459965519,5,5,729.0,820.0,838.0,817.0,820.0,817.0
data2.1,330,332,179.28,820.0,未获奖,39.6,-1.41439031473014,-1.9808052439205395,0.11916666666666667,-1.4278165886909944,-1.3403033455055664,5,5,746.0,818.0,826.0,814.0,818.0,813.0
data2.1,331,333,174.42,827.0,未获奖,32.0,-1.5305104911946548,-1.9817764860257778,0.09483893557422969,-1.5403061604585562,-1.540306160458556,5,5,820.0,825.0,827.0,825.0,825.0,827.0
data2.1,332,334,163.85,846.0,未获奖,26.8,-1.7304696643447373,-2.2303161113359415,0.08099439775910364,-1.7274430055826135,-1.7295213784613905,5,5,849.0,845.0,844.0,835.0,845.0,845.0
data2.1,333,335,185.04,810.0,未获奖,32.4,-1.3062898137542223,-1.6536265119834526,0.14046918767507005,-1.30169050638787,-1.30169050638787,5,5,815.0,809.0,804.0,802.0,809.0,808.0
data2.1,334,336,254.34,464.0,未获奖,48.2,0.08071755038235363,0.05433397784672572,0.5159663865546218,0.08718150741411143,0.11407499262794916,5,5,588.0,437.0,437.0,450.0,430.0,406.0
data2.1,335,337,248.18,518.0,未获奖,56.2,-0.036698036509566226,-0.15288457214802825,0.43771008403361344,-0.03452150943110041,0.021542766655876004,5,5,309.0,505.0,538.0,554.0,503.0,471.0
data2.1,336,338,264.86,352.0,未获奖,59.6,0.2972336418679172,0.287241779073341,0.6325,0.3042391509018645,0.2712353933465745,5,5,159.0,275.0,288.0,210.0,265.0,285.0
data2.1,337,339,250.22,497.0,未获奖,53.0,-0.003149693349596894,0.021988183610369395,0.49262605042016805,-0.0012174999034534155,-0.0012174999034534062,5,5,438.0,486.0,455.0,482.0,485.0,482.0
data2.1,338,340,263.63,361.0,未获奖,47.2,0.2668771268975344,0.2829357341700523,0.6126050420168068,0.2800036192892253,0.34337043229261316,5,5,617.0,298.0,290.0,245.0,284.0,233.0
data2.1,339,341,232.87,633.0,未获奖,40.2,-0.35094734924941157,-0.30006079176455547,0.3941176470588235,-0.3548544149357155,-0.38807572917394734,5,5,739.0,633.0,589.0,610.0,635.0,641.0
data2.1,340,342,258.79,410.0,未获奖,51.0,0.17579623137403103,0.192069273412859,0.588172268907563,0.1785658867045803,0.17856588670458026,5,5,504.0,366.0,344.0,309.0,356.0,353.0
data2.1,341,343,156.41,856.0,未获奖,22.0,-1.8795411237770896,-2.341347667126704,0.05916666666666666,-1.888720246186687,-1.911992254917285,5,5,875.0,854.0,850.0,851.0,853.0,855.0
data2.1,342,344,234.82,569.0,未获奖,46.8,0.0,0.0,1.0,0.0,0.0,5,5,630.0,484.0,463.0,1.0,483.0,479.0
data2.1,343,345,217.98,711.0,未获奖,48.8,-0.6405193618024249,-1.0260289195942778,0.21932773109243694,-0.6427571933241375,-0.5506131614003992,5,5,566.0,710.0,741.0,743.0,713.0,691.0
data2.1,344,346,221.76,696.0,未获奖,40.8,-0.5729606497416244,-0.6445133923887465,0.28319327731092436,-0.5684045270619615,-0.5447463999377701,5,5,729.0,696.0,672.0,690.0,695.0,687.0
data2.1,345,347,197.93,781.0,未获奖,37.0,-1.0411387921950677,-1.2044477847796342,0.17983193277310922,-1.0458863321206788,-1.0458863321206788,5,5,768.0,780.0,766.0,773.0,780.0,777.0
data2.1,346,348,226.45,672.0,未获奖,44.4,-0.4787662617825365,-0.5378212177079033,0.31565126050420167,-0.46581723652018325,-0.4658172365201833,5,5,676.0,672.0,647.0,664.0,670.0,671.0
data2.1,347,349,198.17,779.0,未获奖,37.0,-1.0438716643019021,-1.4411619227483252,0.1721918767507003,-1.0556307474591977,-1.055199504079398,5,5,768.0,781.0,791.0,781.0,781.0,778.0
data2.1,348,350,242.77,572.0,未获奖,51.0,-0.1655419116713705,-0.3471239104585928,0.3666666666666667,-0.1624761841668992,-0.18139521521211185,5,5,504.0,577.0,604.0,630.0,571.0,584.0
data2.1,349,351,204.86,764.0,未获奖,44.8,-0.9026979279201873,-1.7909335594483309,0.1653501400560224,-0.9054681007719035,-0.9014131828797582,5,5,669.0,763.0,813.0,784.0,764.0,762.0
data2.1,350,352,249.56,503.0,未获奖,47.8,-0.0162906121891178,-0.05058680696074465,0.484873949579832,-0.011286809364444563,-0.004529193644951446,5,5,600.0,496.0,482.0,498.0,491.0,486.0
data2.1,351,353,255.42,448.0,未获奖,48.0,0.10820600911615993,0.21885911201977576,0.5470588235294118,0.13224526215865023,0.15589145675692442,5,5,596.0,415.0,331.0,384.0,395.0,374.0
data2.1,352,354,243.04,567.0,未获奖,48.8,-0.15042551130233028,-0.29580002263126504,0.41166666666666674,-0.14325084381634412,-0.0932160161900126,5,5,566.0,571.0,584.0,592.0,565.0,539.0
data2.1,353,355,251.37,492.0,未获奖,58.2,0.020382141098446736,-0.32568268100441317,0.4655252100840337,0.010699789768667669,0.06269749934335198,5,5,223.0,479.0,599.0,528.0,478.0,447.0
data2.1,354,356,226.73,671.0,未获奖,36.8,-0.47337260345733567,-0.38003612467392317,0.35378151260504204,-0.45568060116432235,-0.4154432346149409,5,5,776.0,671.0,616.0,636.0,668.0,653.0
data2.1,355,357,106.84,888.0,未获奖,18.0,-2.86328215982276,-4.078260199263842,0.021848739495798318,-2.8695029158177676,-2.92229652280824,5,5,882.0,885.0,882.0,881.0,885.0,885.0
data2.1,356,358,269.25,304.0,未获奖,48.6,0.37987953959691556,0.38296086454726685,0.6075630252100841,0.41171271951977584,0.5419811608254237,5,5,574.0,208.0,226.0,256.0,167.0,104.0
data2.1,357,359,260.22,395.0,未获奖,53.4,0.19931762736230368,0.1513857037936358,0.5714635854341736,0.20515447287755775,0.20515447287755775,5,5,415.0,346.0,375.0,337.0,338.0,342.0
data2.1,358,360,223.2,690.0,未获奖,50.0,-0.5462360002055948,-0.8526419695986673,0.22680672268907562,-0.5416141652626981,-0.5622878099865547,5,5,530.0,691.0,710.0,738.0,691.0,694.0
data2.1,359,361,242.49,574.0,未获奖,51.4,-0.16120633241573024,-0.3091725897323461,0.4242366946778711,-0.16828539825807895,-0.13894680412758545,5,5,493.0,575.0,594.0,573.0,574.0,564.0
data2.1,360,362,231.01,647.0,未获奖,38.2,-0.38708472176604897,-0.30562315062517414,0.39243697478991596,-0.3623237711738516,-0.3074453942297332,5,5,760.0,644.0,592.0,613.0,637.0,626.0
data2.1,361,363,196.91,783.0,未获奖,42.6,-1.0882336216768582,-1.8892700296990061,0.15416666666666665,-1.0899765983550809,-1.103408416578466,5,5,701.0,787.0,819.0,794.0,788.0,786.0
data2.1,362,364,189.98,800.0,未获奖,40.6,-1.2001542238482137,-1.719469657551406,0.1495798319327731,-1.1933006836968034,-1.2972295446580335,5,5,732.0,800.0,808.0,797.0,800.0,806.0
data2.1,363,365,190.34,799.0,未获奖,34.8,-1.19296650212454,-1.3498574809784847,0.13529411764705884,-1.1884087105819567,-1.1884087105819567,5,5,795.0,798.0,783.0,806.0,798.0,798.0
data2.1,364,366,212.13,736.0,未获奖,34.6,-0.7656231556806385,-0.8078900430175219,0.2092436974789916,-0.759855336403135,-0.7498986875346745,5,5,799.0,736.0,703.0,755.0,736.0,734.0
data2.1,365,367,252.37,480.0,未获奖,57.8,0.04771343160473143,-0.022483025315886508,0.4840336134453781,0.049755308307944446,-0.03190577870141294,5,5,243.0,463.0,470.0,501.0,457.0,505.0
data2.1,366,368,267.33,326.0,未获奖,53.4,0.34636196438987554,0.3024090438092866,0.5875,0.34487632134982477,0.4382078886077378,5,5,415.0,239.0,273.0,311.0,228.0,152.0
data2.1,367,369,170.63,832.0,未获奖,34.8,-1.619767494938889,-2.481001843608076,0.07929271708683475,-1.6094241758635806,-1.6094241758635806,5,5,795.0,832.0,854.0,837.0,832.0,831.0
data2.1,368,370,267.43,324.0,未获奖,53.0,0.34831873761321563,0.27680399999299227,0.6070448179271709,0.34528195112881227,0.34528195112881227,5,5,438.0,237.0,293.0,258.0,227.0,232.0
data2.1,369,371,257.76,424.0,未获奖,56.2,0.15520195307866932,-0.03883431645471308,0.48151260504201676,0.1421283387831619,0.14212833878316186,5,5,309.0,379.0,477.0,506.0,388.0,392.0
data2.1,370,372,256.61,437.0,未获奖,58.8,0.13198135921281792,0.10791852151625525,0.49327731092436966,0.13318613539306234,0.028172718380236765,5,5,195.0,399.0,399.0,481.0,394.0,468.0
data2.1,371,373,264.94,350.0,未获奖,52.6,0.29219517463776007,0.26174231961362676,0.6084033613445379,0.2960233906594763,0.3188816532622068,5,5,457.0,281.0,300.0,254.0,275.0,248.0
data2.1,372,374,240.54,587.0,未获奖,47.0,-0.18910478855901627,-0.30641151644793896,0.44177871148459386,-0.1774541700429204,-0.1774541700429204,5,5,620.0,585.0,593.0,550.0,581.0,582.0
data2.1,373,375,245.85,546.0,未获奖,57.2,-0.09585308546426699,-0.2217874377025797,0.4238235294117647,-0.09189669940084935,-0.15306901716270158,5,5,270.0,544.0,564.0,574.0,538.0,571.0
data2.1,374,376,262.38,371.0,未获奖,60.8,0.24750447101395423,0.2583941980947242,0.6042016806722689,0.2514300142699193,0.26473711226347124,5,5,121.0,311.0,303.0,269.0,303.0,288.0
data2.1,375,377,254.67,455.0,未获奖,45.6,0.08614938229200256,0.12515550759176822,0.561344537815126,0.10265351781444204,0.1418836742164322,5,5,656.0,433.0,391.0,356.0,415.0,393.0
data2.1,376,378,251.43,489.0,未获奖,55.8,0.02849051835494404,-0.061735344701968044,0.4916666666666667,0.033181572268726645,0.03497920833774189,5,5,323.0,475.0,489.0,485.0,470.0,464.0
data2.1,377,379,255.84,444.0,未获奖,52.2,0.11677758019400693,0.05332512414665388,0.5258333333333333,0.11446079291270604,0.10085540553008827,5,5,470.0,409.0,438.0,433.0,407.0,417.0
data2.1,378,380,201.7,772.0,未获奖,40.2,-0.9811518430919138,-1.2286417534665635,0.15404061624649862,-0.9774340199317862,-0.9774340199317861,5,5,739.0,772.0,772.0,795.0,772.0,773.0
data2.1,379,381,231.35,642.0,未获奖,46.0,-0.3887734210996809,-0.5304017444851116,0.3716666666666667,-0.35624990062181483,-0.3297464670305523,5,5,653.0,645.0,646.0,629.0,636.0,631.0
data2.1,380,382,266.8,328.0,未获奖,48.2,0.32892168554602447,0.3913360348002194,0.646218487394958,0.33985197817485,0.37321673715939724,5,5,588.0,249.0,218.0,186.0,231.0,207.0
data2.1,381,383,268.47,315.0,未获奖,60.0,0.3585610339180928,0.3819747669456929,0.6064635854341737,0.3572639143836746,0.3529608898743696,5,5,143.0,226.0,227.0,261.0,221.0,222.0
data2.1,382,384,268.3,318.0,未获奖,58.8,0.3663095783222931,0.36775805695271496,0.6296288515406163,0.36496776089471533,0.3649677608947152,5,5,195.0,220.0,236.0,216.0,218.0,214.0
data2.1,383,385,229.48,656.0,未获奖,50.0,-0.42479331205132204,-0.5988514385924341,0.28535714285714286,-0.41623774260335394,-0.4819608275377422,5,5,530.0,658.0,661.0,688.0,657.0,673.0
data2.1,384,386,188.51,803.0,未获奖,30.4,-1.2348819559864677,-1.3763699316107247,0.1913235294117647,-1.2193663981920895,-1.2193663981920895,5,5,833.0,803.0,784.0,767.0,802.0,800.0
data2.1,385,387,252.59,479.0,未获奖,48.0,0.045172080815713236,0.04683963607476357,0.5336134453781513,0.04458701186158162,0.037022398905265784,5,5,596.0,464.0,444.0,411.0,460.0,463.0
data2.1,386,388,263.28,363.0,未获奖,59.4,0.24604679841801916,0.09555285759251765,0.5296218487394958,0.2573132520618709,0.2573132520618709,5,5,164.0,312.0,408.0,417.0,295.0,293.0
data2.1,387,389,256.05,442.0,未获奖,57.4,0.12114197541060819,0.11883884809825725,0.5394957983193278,0.1261030764263633,0.12335857871179366,5,5,260.0,405.0,396.0,403.0,400.0,398.0
data2.1,388,390,251.3,493.0,未获奖,50.8,0.02048955843296228,0.10679437025046093,0.5089985994397759,0.04261797229381022,0.02670914590934379,5,5,509.0,478.0,400.0,457.0,461.0,469.0
data2.1,389,391,261.88,377.0,未获奖,48.4,0.2318576152381245,0.24329845252548613,0.5949579831932773,0.22224226731579208,0.21391073621251638,5,5,579.0,321.0,312.0,288.0,328.0,337.0
data2.1,390,392,159.61,851.0,未获奖,24.4,-1.8080016696856003,-2.1928833341216993,0.041974789915966385,-1.8084550545810194,-1.8084550545810194,5,5,862.0,849.0,841.0,866.0,849.0,849.0
data2.1,391,393,258.13,416.0,未获奖,55.8,0.16276509969289274,0.09701791688628472,0.5425,0.16531858111497066,0.11266712365709168,5,5,323.0,372.0,407.0,395.0,367.0,408.0
data2.1,392,394,230.89,648.0,未获奖,46.8,-0.38946094541378634,-0.6471364120089333,0.3829411764705882,-0.3972741369976621,-0.42995118946062383,5,5,630.0,646.0,673.0,621.0,648.0,663.0
data2.1,393,395,228.85,661.0,未获奖,48.4,-0.42874300550638844,-0.6165458715033787,0.2871778711484594,-0.4262119391971562,-0.42621193919715633,5,5,579.0,660.0,666.0,687.0,660.0,658.0
data2.1,394,396,200.47,773.0,未获奖,34.2,-0.9994988488048481,-1.023342636050042,0.17142857142857143,-0.9998632917107733,-0.9998632917107735,5,5,802.0,774.0,740.0,782.0,774.0,774.0
data2.1,395,397,247.02,532.0,未获奖,56.4,-0.059651906737269236,-0.24131780505718187,0.4260504201680672,-0.05350001845649298,-0.0016722779124208,5,5,298.0,519.0,570.0,570.0,517.0,483.0
data2.1,396,398,233.81,629.0,未获奖,40.2,-0.33106871902683777,-0.298440262017761,0.4,-0.3384355338207187,-0.3586949113411235,5,5,739.0,629.0,587.0,603.0,630.0,634.0
data2.1,397,399,236.7,616.0,未获奖,45.6,-0.26598346404532325,-0.31138990062502814,0.42137254901960786,-0.26412490049324017,-0.26412490049324017,5,5,656.0,615.0,595.0,577.0,615.0,614.0
data2.1,398,400,266.57,330.0,未获奖,59.6,0.3193965551614821,0.3104347946623608,0.5925,0.3095892655857746,0.28343314375832,5,5,159.0,254.0,268.0,299.0,259.0,277.0
data2.1,399,401,169.49,835.0,未获奖,29.8,-1.6103970709493765,-1.941170779697692,0.09411764705882353,-1.6033199114071917,-1.6033199114071917,5,5,835.0,831.0,822.0,828.0,831.0,830.0
data2.1,400,402,196.81,784.0,未获奖,33.6,-1.0709813708572917,-1.34895269456176,0.185,-1.0714858727341348,-1.0622662092933726,5,5,806.0,783.0,782.0,771.0,783.0,780.0
data2.1,401,403,242.16,578.0,未获奖,54.4,-0.17736834077541602,-0.4916288202407183,0.35416666666666663,-0.17255876171091106,-0.1657389342803411,5,5,379.0,580.0,639.0,635.0,577.0,574.0
data2.1,402,404,265.61,342.0,未获奖,51.4,0.30728864507513376,0.18810797847625044,0.5787745098039216,0.3103891346167753,0.3175046348813438,5,5,493.0,266.0,347.0,326.0,257.0,251.0
data2.1,403,405,251.45,490.0,未获奖,51.2,0.02907659585147957,-0.04314112974574329,0.49747899159663866,0.02828718139315933,0.02828718139315933,5,5,499.0,472.0,478.0,477.0,475.0,467.0
data2.1,404,406,247.59,525.0,未获奖,55.2,-0.04833019167256862,-0.23044255722268034,0.43499999999999994,-0.04554573598369632,-0.06816448101044714,5,5,345.0,513.0,567.0,557.0,513.0,521.0
data2.1,405,407,246.01,542.0,未获奖,52.2,-0.07973495260933854,-0.11000623100987324,0.48177871148459384,-0.08298169089246688,-0.08298169089246692,5,5,470.0,533.0,521.0,504.0,531.0,530.0
data2.1,406,408,265.74,337.0,未获奖,60.0,0.31518773421010715,0.29067339872681847,0.5849859943977591,0.31291501229943797,0.3143641840096564,5,5,143.0,260.0,286.0,317.0,254.0,257.0
data2.1,407,409,261.81,379.0,未获奖,59.6,0.21830707648104256,0.10567021898466658,0.5519327731092437,0.21599096548601374,0.21599096548601374,5,5,159.0,333.0,402.0,376.0,332.0,334.0
data2.1,408,410,239.32,597.0,未获奖,42.0,-0.22069226546237633,-0.19758296771651687,0.42773109243697477,-0.21136391345650715,-0.18549744544800728,5,5,712.0,598.0,554.0,567.0,594.0,588.0
data2.1,409,411,264.36,355.0,未获奖,52.0,0.2805505473585124,0.25249605379107604,0.6067226890756302,0.29404880497538083,0.33940090907416076,5,5,475.0,289.0,306.0,259.0,277.0,234.0
data2.1,410,412,166.44,840.0,未获奖,35.8,-1.671306548418914,-2.2843429902153196,0.0925,-1.6782724630165087,-1.6403030831773373,5,5,787.0,838.0,848.0,829.0,839.0,836.0
data2.1,411,413,168.74,837.0,未获奖,28.2,-1.6253931442762912,-2.0631387588085284,0.07693977591036415,-1.6223641634259787,-1.6223641634259782,5,5,843.0,834.0,834.0,840.0,834.0,834.0
data2.1,412,414,267.55,323.0,未获奖,59.6,0.34542828288841,0.22625023370513161,0.5529901960784314,0.33603330865918773,0.3723856257381614,5,5,159.0,240.0,324.0,374.0,236.0,210.0
data2.1,413,415,262.05,374.0,未获奖,61.4,0.24094651291667873,0.11393653430757525,0.5458333333333334,0.23875260662030623,0.24993987733276693,5,5,89.0,314.0,398.0,387.0,311.0,298.0
data2.1,414,416,211.07,743.0,未获奖,34.4,-0.7870509899126432,-0.7235446328930749,0.25546218487394956,-0.7795227746386253,-0.8111264611827931,5,5,801.0,741.0,689.0,717.0,740.0,746.0
data2.1,415,417,248.96,509.0,未获奖,55.6,-0.04087833629205303,-0.172744577843728,0.4462605042016807,-0.03178237295561097,-0.03178237295561101,5,5,331.0,508.0,542.0,546.0,502.0,504.0
data2.1,416,418,154.07,861.0,未获奖,28.4,-1.9184682482965532,-2.52355899867029,0.057703081232493,-1.9250022844788726,-1.925002284478873,5,5,841.0,856.0,856.0,854.0,856.0,856.0
data2.1,417,419,236.5,618.0,未获奖,44.4,-0.270175753445531,-0.4724939164437343,0.39386554621848735,-0.2827684886128708,-0.28276848861287074,5,5,676.0,618.0,631.0,611.0,621.0,621.0
data2.1,418,420,255.2,449.0,未获奖,55.0,0.09435299633399713,-0.00662657588257709,0.5024579831932774,0.08894465242877643,0.10697761110524316,5,5,348.0,425.0,464.0,469.0,427.0,413.0
data2.1,419,421,229.48,655.0,未获奖,51.2,-0.41058668772093104,-0.6732060151728303,0.29254901960784313,-0.4060365099323318,-0.3882224880927954,5,5,499.0,653.0,680.0,681.0,652.0,642.0
data2.1,420,422,228.35,663.0,未获奖,42.4,-0.4410234012214672,-0.47214353163361666,0.3201680672268908,-0.43711937604448853,-0.4272521063983044,5,5,705.0,664.0,630.0,659.0,663.0,661.0
data2.1,421,423,211.3,740.0,未获奖,43.8,-0.7941477878264649,-1.070650988647112,0.2135924369747899,-0.8023103103317815,-0.8023103103317815,5,5,684.0,744.0,748.0,751.0,745.0,742.0
data2.1,422,424,242.91,568.0,未获奖,48.4,-0.14718457551444714,-0.26455026455026454,0.4164285714285715,-0.1419182193819626,-0.1419182193819626,5,5,579.0,568.0,576.0,584.0,564.0,565.0
data2.1,423,425,265.75,336.0,未获奖,53.2,0.3149542713357295,0.45265824302651503,0.6168067226890757,0.32574610595635833,0.26960284194376083,5,5,428.0,261.0,178.0,237.0,243.0,286.0
data2.1,424,426,260.13,396.0,未获奖,60.6,0.19480153206338677,0.12290720506017956,0.5252450980392157,0.19859699159679128,0.17060018330706578,5,5,125.0,348.0,392.0,434.0,342.0,359.0
data2.1,425,427,123.43,884.0,未获奖,17.0,-2.531486856496046,-3.0951631518203757,0.023529411764705882,-2.5290432152870137,-2.5755922574130605,5,5,883.0,880.0,875.0,880.0,879.0,882.0
data2.1,426,428,241.04,586.0,未获奖,40.4,-0.18632657924118026,-0.1326206506295539,0.42100840336134454,-0.19291516659620928,-0.16926257712051193,5,5,735.0,584.0,530.0,578.0,590.0,576.0
data2.1,427,429,252.86,476.0,未获奖,53.8,0.040244154438394256,-0.074012801653433,0.4916666666666666,0.050938581935856486,0.07798142545969619,5,5,399.0,468.0,496.0,486.0,455.0,435.0
data2.1,428,430,259.34,403.0,未获奖,49.8,0.18143149503592504,-0.04591987594820447,0.5429131652661066,0.1647309885346683,0.16473098853466844,5,5,541.0,358.0,479.0,391.0,369.0,366.0
data2.1,429,431,241.58,582.0,未获奖,53.0,-0.1778897014863425,-0.3526285023228515,0.3979901960784314,-0.17710367386078713,-0.18494454299203783,5,5,438.0,581.0,607.0,608.0,580.0,586.0
data2.1,430,432,244.96,553.0,未获奖,48.4,-0.10093596567988032,-0.20988274731698447,0.44416666666666665,-0.09820694018637119,-0.1507931288362651,5,5,579.0,545.0,560.0,548.0,543.0,569.0
data2.1,431,433,185.28,809.0,未获奖,38.0,-1.294264758049038,-1.9825210537472782,0.13361344537815129,-1.2942035936256675,-1.338099023300894,5,5,762.0,808.0,828.0,808.0,808.0,812.0
data2.1,432,434,263.87,359.0,未获奖,59.0,0.277364782340847,0.3086598189795276,0.6126050420168068,0.2830934418614843,0.2985365564684564,5,5,184.0,292.0,270.0,245.0,282.0,270.0
data2.1,433,435,163.74,847.0,未获奖,35.0,-1.7253612359170674,-2.2378893409160296,0.060833333333333336,-1.7225919100849094,-1.7186008957652203,5,5,792.0,843.0,845.0,849.0,844.0,844.0
data2.1,434,436,217.95,712.0,未获奖,49.2,-0.6408908245889904,-0.8716652010438886,0.23583333333333334,-0.6331945202901589,-0.6694694883971697,5,5,554.0,711.0,717.0,734.0,708.0,714.0
data2.1,435,437,227.94,666.0,未获奖,46.0,-0.4533000740326383,-0.6240742784652135,0.31797619047619047,-0.46067301395455185,-0.4606730139545519,5,5,653.0,667.0,668.0,660.0,669.0,670.0
data2.1,436,438,238.96,601.0,未获奖,46.8,-0.2255257090232568,-0.37209406897792163,0.37969187675070026,-0.21993011015249156,-0.21540838195012532,5,5,630.0,601.0,614.0,625.0,600.0,599.0
data2.1,437,439,219.42,703.0,未获奖,42.2,-0.6114871661504763,-0.8901672094711351,0.31598039215686274,-0.6113520679068484,-0.6113520679068484,5,5,710.0,702.0,721.0,663.0,703.0,703.0
data2.1,438,440,246.03,541.0,未获奖,49.4,-0.08474540031287482,-0.2090921354377445,0.4470728291316527,-0.08418678108796812,-0.08418678108796815,5,5,551.0,538.0,558.0,544.0,532.0,532.0
data2.1,439,441,241.25,584.0,未获奖,50.8,-0.1952566080464307,-0.362133182853539,0.3633333333333333,-0.1910901112866557,-0.17667664923612383,5,5,509.0,588.0,609.0,632.0,589.0,581.0
data2.1,440,442,236.51,619.0,未获奖,45.6,-0.2856981413116005,-0.4415320279342943,0.35,-0.2792861175266522,-0.2741073625215188,5,5,656.0,623.0,626.0,642.0,619.0,618.0
data2.1,441,443,221.52,697.0,未获奖,49.0,-0.5693606332750483,-0.7560720227656692,0.26061624649859944,-0.5573838254485673,-0.6122692068704524,5,5,557.0,695.0,693.0,714.0,694.0,704.0
data2.1,442,444,235.6,624.0,未获奖,53.8,-0.28794346453410335,-0.5599879234035446,0.3579831932773109,-0.2883796223877101,-0.20867672484135447,5,5,399.0,624.0,650.0,633.0,623.0,593.0
data2.1,443,445,238.31,610.0,未获奖,47.6,-0.24036394739104844,-0.2276917291081597,0.3869957983193278,-0.22552423076472514,-0.2255242307647251,5,5,603.0,609.0,566.0,617.0,606.0,602.0
data2.1,444,446,237.25,613.0,未获奖,44.8,-0.26243077462349335,-0.30539442720745835,0.3907563025210084,-0.26219302047389814,-0.2541652870535473,5,5,669.0,613.0,591.0,614.0,613.0,610.0
data2.1,445,447,254.84,452.0,未获奖,58.0,0.09677857456396935,0.052032144302480196,0.5175420168067226,0.1001008574462515,0.1403569511916384,5,5,233.0,423.0,439.0,447.0,418.0,395.0
data2.1,446,448,231.97,637.0,未获奖,41.6,-0.360730227521714,-0.36694049239577364,0.4226890756302521,-0.3385450955334968,-0.2617401646429367,5,5,719.0,635.0,613.0,576.0,631.0,612.0
data2.1,447,449,223.0,691.0,未获奖,47.6,-0.5581946666453349,-0.7125146829932876,0.27691176470588236,-0.5416616604700941,-0.6009294321139425,5,5,603.0,693.0,686.0,693.0,692.0,700.0
data2.1,448,450,198.39,778.0,未获奖,38.6,-1.0321746275918442,-1.2681579253817215,0.16083333333333333,-1.0356463036542025,-1.012522677853124,5,5,756.0,777.0,775.0,787.0,778.0,775.0
data2.1,449,451,247.35,528.0,未获奖,57.2,-0.05301969246529838,-0.13639702024971148,0.4588235294117647,-0.053429754418354534,-0.08192169461452675,5,5,270.0,517.0,532.0,536.0,516.0,529.0
data2.1,450,452,171.93,830.0,未获奖,23.0,-1.5703951885138496,-1.5978861284405599,0.05714285714285715,-1.5806248632488182,-1.6170112396835488,5,5,868.0,827.0,800.0,855.0,828.0,832.0
data2.1,451,453,222.52,693.0,未获奖,41.8,-0.5495724372081983,-0.8217545752956518,0.3147759103641456,-0.5472026479687659,-0.5472026479687659,5,5,716.0,692.0,706.0,665.0,693.0,690.0
data2.1,452,454,239.35,596.0,未获奖,43.6,-0.21744991785763537,-0.2518675323207901,0.42750000000000005,-0.2080205584680033,-0.17792006598275956,5,5,687.0,597.0,573.0,568.0,593.0,583.0
data2.1,453,455,254.75,454.0,未获奖,57.6,0.07681727380802446,-0.20646911581755772,0.467766106442577,0.07758627763213917,0.0775862776321392,5,5,251.0,439.0,556.0,524.0,437.0,436.0
data2.1,454,456,219.9,701.0,未获奖,37.0,-0.6098826386028994,-0.6521147961860224,0.2705882352941177,-0.5889555293420188,-0.531700753775833,5,5,768.0,701.0,677.0,703.0,700.0,684.0
data2.1,455,457,206.4,758.0,未获奖,42.6,-0.8791183962014546,-1.2143899537667244,0.20547619047619045,-0.8883187689871026,-0.8883187689871026,5,5,701.0,760.0,768.0,759.0,759.0,760.0
data2.1,456,458,249.22,508.0,未获奖,48.2,-0.015803382667055423,-0.059565417720011005,0.5045238095238094,-0.012052033918433775,-0.012052033918433777,5,5,588.0,494.0,486.0,465.0,492.0,495.0
data2.1,457,459,195.43,789.0,未获奖,37.0,-1.1063518115231363,-1.4496782202164638,0.1560294117647059,-1.1151994292579128,-1.1151994292579126,5,5,768.0,791.0,794.0,793.0,791.0,788.0
data2.1,458,460,260.13,397.0,未获奖,53.6,0.1926786139361027,0.09201569298695966,0.5591666666666666,0.19619549454599336,0.2337687105637839,5,5,410.0,350.0,410.0,362.0,345.0,313.0
data2.1,459,461,254.47,460.0,未获奖,58.8,0.0892798789247415,-0.029709712024564315,0.47888655462184876,0.08738750623063414,0.09809172502848508,5,5,195.0,431.0,473.0,511.0,428.0,418.0
data2.1,460,462,244.59,556.0,未获奖,46.2,-0.11579155053523808,-0.10440980695938204,0.47394957983193275,-0.11140240261689889,-0.12039288085465293,5,5,648.0,551.0,517.0,519.0,547.0,555.0
data2.1,461,463,242.45,575.0,未获奖,48.4,-0.15598299100574958,-0.314387637333813,0.40508403361344536,-0.15448238713947623,-0.1106983062833668,5,5,579.0,574.0,596.0,597.0,569.0,547.0
data2.1,462,464,215.82,720.0,未获奖,47.4,-0.6837924777408696,-1.1903155974382198,0.21125350140056023,-0.6866435542828652,-0.6353280590136464,5,5,613.0,720.0,763.0,753.0,721.0,710.0
data2.1,463,465,232.07,636.0,未获奖,43.4,-0.36592932429206015,-0.47589070251959775,0.35462184873949576,-0.3649177557634346,-0.3592492827436887,5,5,690.0,637.0,633.0,634.0,639.0,635.0
data2.1,464,466,204.84,765.0,未获奖,40.6,-0.903272624801815,-1.2266856944059867,0.19944677871148458,-0.9146799916086318,-0.9146799916086317,5,5,732.0,764.0,771.0,763.0,767.0,765.0
data2.1,465,467,208.16,753.0,未获奖,41.0,-0.8369347393464996,-1.0547091890677485,0.2066666666666667,-0.8328322261114927,-0.8480752877843805,5,5,726.0,752.0,746.0,758.0,751.0,756.0
data2.1,466,468,247.59,524.0,未获奖,51.2,-0.06458661168687452,-0.5574184347960146,0.4862955182072829,-0.07095079940050517,-0.07095079940050515,5,5,499.0,524.0,649.0,497.0,526.0,524.0
data2.1,467,469,233.06,632.0,未获奖,54.8,-0.3526151636220927,-0.5872080591456936,0.29638655462184876,-0.35268695574709535,-0.37974147899075544,5,5,363.0,634.0,657.0,677.0,634.0,638.0
data2.1,468,470,266.05,334.0,未获奖,55.0,0.3160182543700317,0.2330740291080234,0.6005112044817927,0.3081393690219639,0.308139369021964,5,5,348.0,259.0,319.0,273.0,261.0,262.0
data2.1,469,471,254.03,469.0,未获奖,58.4,0.08076030766211616,-0.007494341771962165,0.48991596638655455,0.08227827554263363,0.05859438831077065,5,5,212.0,436.0,465.0,492.0,433.0,451.0
data2.1,470,472,221.47,698.0,未获奖,36.4,-0.5785905861708921,-0.5548343468213967,0.28823529411764703,-0.5696791607731808,-0.5449593896567381,5,5,781.0,697.0,648.0,686.0,696.0,688.0
data2.1,471,473,255.97,443.0,未获奖,50.6,0.11939602073387583,0.12253248797158148,0.5501960784313725,0.12110207107902649,0.12110207107902647,5,5,517.0,408.0,393.0,379.0,405.0,400.0
data2.1,472,474,239.81,592.0,未获奖,51.4,-0.20358944197588363,-0.2489484075886342,0.39915966386554624,-0.18527600410726192,-0.18527600410726197,5,5,493.0,591.0,572.0,605.0,585.0,587.0
data2.1,473,475,172.05,829.0,未获奖,31.0,-1.5799472770824186,-1.8940960563785332,0.07583333333333334,-1.5706811851748226,-1.5466142635180977,5,5,830.0,828.0,820.0,841.0,827.0,828.0
data2.1,474,476,248.2,517.0,未获奖,46.8,-0.04112565361284342,-0.051682133835108335,0.5158333333333334,-0.040987668344872316,-0.08333180857056482,5,5,630.0,509.0,483.0,451.0,509.0,531.0
data2.1,475,477,129.67,880.0,未获奖,16.0,-2.415695891730151,-2.791642310055908,0.02857142857142857,-2.4212089610858945,-2.395115446030096,5,5,884.0,877.0,867.0,873.0,877.0,877.0
data2.1,476,478,249.4,507.0,未获奖,49.0,-0.01209920227238409,-0.08832617088383982,0.4933053221288516,-0.005244530685232546,-0.005244530685232531,5,5,557.0,491.0,506.0,480.0,487.0,487.0
data2.1,477,479,265.66,341.0,未获奖,57.4,0.31302366360895995,0.30887957787359266,0.5521498599439776,0.3204140777575165,0.32041407775751646,5,5,260.0,264.0,269.0,375.0,248.0,246.0
data2.1,478,480,255.15,450.0,未获奖,54.8,0.09336411747052686,0.04465049939926933,0.505812324929972,0.0928701665210234,0.07488340533781847,5,5,363.0,426.0,445.0,461.0,421.0,438.0
data2.1,479,481,143.59,873.0,未获奖,24.4,-2.128172962934614,-2.598296527879693,0.0475,-2.1595581299173556,-2.1594998500898295,5,5,862.0,870.0,863.0,862.0,870.0,870.0
data2.1,480,482,244.05,560.0,未获奖,54.0,-0.11889240238070845,-0.2770229904993159,0.3932773109243698,-0.11755441368349057,-0.10245621367345432,5,5,392.0,552.0,580.0,612.0,553.0,545.0
data2.1,481,483,247.23,530.0,未获奖,44.4,-0.06186168607124345,-0.06504018037810025,0.492436974789916,-0.061973913102612084,-0.05095653906947678,5,5,676.0,522.0,492.0,483.0,521.0,513.0
data2.1,482,484,203.7,768.0,未获奖,37.0,-0.9318113093083763,-1.2185799721210486,0.21522408963585432,-0.9192000467630924,-0.948833802364203,5,5,768.0,768.0,769.0,748.0,768.0,770.0
data2.1,483,485,248.87,511.0,未获奖,45.0,-0.027901301626633162,-0.17784649512694842,0.4537044817927171,-0.02673305478159944,-0.0034911537449375174,5,5,665.0,501.0,545.0,539.0,499.0,485.0
data2.1,484,486,224.59,680.0,未获奖,49.6,-0.5080440116823004,-0.824163470865211,0.24733893557422965,-0.5069415065762276,-0.5118560624212103,5,5,548.0,680.0,707.0,723.0,679.0,680.0
data2.1,485,487,202.87,770.0,未获奖,35.2,-0.9513603074183994,-1.0791852151625523,0.1789915966386555,-0.9450777505498162,-0.9556583753550638,5,5,790.0,770.0,751.0,774.0,770.0,771.0
data2.1,486,488,231.66,638.0,未获奖,42.4,-0.36680122887560174,-0.33803374556106247,0.3840336134453782,-0.3746007301305014,-0.4050065591173783,5,5,705.0,638.0,602.0,620.0,644.0,648.0
data2.1,487,489,254.33,463.0,未获奖,53.6,0.08646914392214164,0.02211112564900718,0.5267016806722689,0.09152748630922321,0.09152748630922318,5,5,410.0,432.0,454.0,428.0,422.0,425.0
data2.1,488,490,168.45,838.0,未获奖,28.6,-1.6367886684245083,-1.9725788847601884,0.09441176470588236,-1.6273735564201022,-1.6273735564201022,5,5,840.0,837.0,824.0,826.0,835.0,835.0
data2.1,489,491,217.2,716.0,未获奖,43.8,-0.6561136958120553,-0.8680094880013943,0.24083333333333332,-0.6555273354713615,-0.6709957645606788,5,5,684.0,716.0,716.0,728.0,715.0,715.0
data2.1,490,492,257.46,426.0,未获奖,58.4,0.13684399003095007,0.1535269442999107,0.5639705882352942,0.1552976761988223,0.15871750748422028,5,5,212.0,396.0,372.0,351.0,376.0,371.0
data2.1,491,493,127.94,881.0,未获奖,22.2,-2.4761452751616106,-3.2883307074450654,0.020959383753501398,-2.502768132041093,-2.5027681320410933,5,5,874.0,878.0,878.0,882.0,878.0,878.0
data2.1,492,494,258.69,411.0,未获奖,53.2,0.1686453952353213,0.08768379873195738,0.5540266106442576,0.1658062930500677,0.16580629305006767,5,5,428.0,369.0,414.0,371.0,365.0,365.0
data2.1,493,495,158.73,853.0,未获奖,28.0,-1.8463385030921757,-2.228129575357418,0.06166666666666666,-1.8573031727718765,-1.8523500766686873,5,5,844.0,850.0,843.0,848.0,851.0,850.0
data2.1,494,496,254.16,465.0,未获奖,49.2,0.07251208285643465,0.15738117721120554,0.5005112044817928,0.07386910098936375,-0.05682223125340802,5,5,554.0,443.0,369.0,470.0,442.0,515.0
data2.1,495,497,268.81,310.0,未获奖,62.8,0.36797137132695007,0.39099051644579774,0.6476680672268907,0.37082300428918546,0.35048598814953635,5,5,64.0,216.0,219.0,183.0,212.0,225.0
data2.1,496,498,191.5,796.0,未获奖,28.4,-1.1777954193306517,-1.1474226569329768,0.1369747899159664,-1.1923290696571698,-1.2134208225253225,5,5,841.0,797.0,759.0,804.0,799.0,799.0
data2.1,497,499,213.32,728.0,未获奖,41.8,-0.7409824586635917,-1.0672444696598569,0.24637955182072827,-0.7505157081580718,-0.7505157081580719,5,5,716.0,729.0,747.0,724.0,731.0,735.0
data2.1,498,500,242.62,573.0,未获奖,49.8,-0.15589856475199412,-0.3160223921049498,0.4050000000000001,-0.17020664914507383,-0.1754955361508108,5,5,541.0,573.0,597.0,598.0,575.0,579.0
data2.1,499,501,251.79,484.0,未获奖,54.0,0.035589883512933934,-0.0215194670880628,0.5037745098039216,0.03248365273309519,0.0324836527330952,5,5,392.0,469.0,469.0,468.0,471.0,465.0
data2.1,500,502,259.05,406.0,未获奖,59.0,0.18104585885697927,0.16444727088191274,0.5286834733893557,0.1842252850673989,0.16420823362230316,5,5,184.0,359.0,366.0,420.0,350.0,367.0
data2.1,501,503,261.75,381.0,未获奖,57.8,0.22843065719026426,0.2082638134524224,0.5598319327731093,0.2297520938234608,0.21596657775192668,5,5,243.0,322.0,334.0,361.0,321.0,335.0
data2.1,502,504,183.76,812.0,未获奖,32.4,-1.3322908451825757,-1.6168701721109653,0.1562535014005602,-1.3345116989719203,-1.3345116989719208,5,5,815.0,810.0,801.0,792.0,810.0,810.0
data2.1,503,505,249.46,506.0,未获奖,47.6,-0.017903779080351557,-0.02623019620186759,0.5050420168067228,-0.019703959015991326,-0.03157110288567488,5,5,603.0,497.0,471.0,463.0,497.0,503.0
data2.1,504,506,231.06,646.0,未获奖,45.0,-0.37866326688520985,-0.42418461074875485,0.39915966386554624,-0.3838454995574562,-0.3838454995574563,5,5,665.0,640.0,622.0,605.0,645.0,639.0
data2.1,505,507,246.78,535.0,未获奖,55.0,-0.08461113231183694,-0.27129517214503057,0.42366946778711484,-0.08164725733771205,-0.08164725733771203,5,5,348.0,537.0,577.0,575.0,530.0,528.0
data2.1,506,508,242.23,576.0,未获奖,53.2,-0.1553217187268999,-0.25807301201878297,0.4126050420168067,-0.1450594406702402,-0.1915381673888127,5,5,428.0,572.0,574.0,588.0,566.0,589.0
data2.1,507,509,191.27,797.0,未获奖,33.2,-1.1745407523414,-1.445337341735561,0.1443417366946779,-1.1727841266781096,-1.1727841266781098,5,5,810.0,796.0,793.0,799.0,796.0,795.0
data2.1,508,510,256.73,435.0,未获奖,59.8,0.13462442830345872,0.05930109233693973,0.5291666666666667,0.13979003364446987,0.10674644533728991,5,5,154.0,397.0,431.0,419.0,391.0,414.0
data2.1,509,511,261.88,378.0,未获奖,55.4,0.22686338027175879,0.29105298227111265,0.5891946778711484,0.22913194306805507,0.22913194306805504,5,5,337.0,325.0,285.0,304.0,322.0,318.0
data2.1,510,512,242.14,577.0,未获奖,49.4,-0.1692680581765133,-0.16637438733756013,0.4070518207282913,-0.16015894766763883,-0.1601589476676388,5,5,551.0,579.0,539.0,594.0,570.0,572.0
data2.1,511,513,268.28,319.0,未获奖,58.2,0.3584080152536111,0.20684383290615588,0.6849859943977592,0.33917764301112274,0.3234482477474331,5,5,223.0,227.0,335.0,121.0,233.0,244.0
data2.1,512,514,223.49,687.0,未获奖,46.4,-0.5300333071706789,-0.7170112880564649,0.2670378151260504,-0.5304656233846314,-0.5524374922692702,5,5,642.0,685.0,688.0,706.0,688.0,692.0
data2.1,513,515,247.55,527.0,未获奖,51.0,-0.05213761223738365,-0.13286310651536748,0.4666666666666667,-0.04494070742448635,-0.05562294625115897,5,5,504.0,516.0,531.0,525.0,512.0,514.0
data2.1,514,516,180.31,819.0,未获奖,35.2,-1.4238513562078663,-1.769904107014589,0.10250000000000001,-1.4302074913884926,-1.450052298238472,5,5,790.0,819.0,812.0,819.0,819.0,821.0
data2.1,515,517,254.83,453.0,未获奖,48.8,0.09000895631874223,0.06932266139065002,0.5327731092436976,0.09483977738519872,0.09515358464367395,5,5,566.0,430.0,428.0,413.0,419.0,422.0
data2.1,516,518,248.51,515.0,未获奖,46.4,-0.02967016073895561,0.004248415822677232,0.5075630252100841,-0.03704872280035654,-0.045423407878822854,5,5,642.0,502.0,461.0,458.0,506.0,511.0
data2.1,517,519,261.78,380.0,未获奖,55.6,0.2357165290051936,0.1766185327070543,0.5833683473389356,0.24161958697315192,0.2416195869731519,5,5,331.0,319.0,353.0,320.0,310.0,306.0
data2.1,518,520,194.85,791.0,未获奖,42.8,-1.1031255857188587,-1.6907235037546655,0.17416666666666666,-1.109036219532154,-1.0832703154529888,5,5,696.0,790.0,807.0,778.0,790.0,784.0
data2.1,519,521,258.05,417.0,未获奖,52.2,0.15642791274100315,0.18490585062823026,0.5314145658263305,0.15853811081047492,0.15853811081047486,5,5,470.0,376.0,348.0,414.0,374.0,372.0
data2.1,520,522,269.05,306.0,未获奖,61.4,0.38108745507826897,0.5575790278339854,0.6019607843137255,0.37865769638669106,0.46396092746674383,5,5,89.0,207.0,130.0,272.0,201.0,132.0
data2.1,521,523,251.52,487.0,未获奖,47.0,0.030513320826301028,0.07721605252969076,0.5411764705882354,0.03355860735778587,0.04237517981957613,5,5,620.0,471.0,421.0,399.0,469.0,459.0
data2.1,522,524,228.29,664.0,未获奖,40.2,-0.44008998232695073,-0.627247581921803,0.30666666666666664,-0.4485588634963831,-0.44520515969178076,5,5,739.0,663.0,669.0,669.0,665.0,665.0
data2.1,523,525,194.5,792.0,未获奖,35.0,-1.1236930773025866,-1.4136695216164428,0.22496498599439776,-1.1286074400700248,-1.3354983231145152,5,5,792.0,792.0,789.0,740.0,792.0,811.0
data2.1,524,526,170.93,831.0,未获奖,37.0,-1.5814469425185163,-2.43009385057139,0.09191876750700281,-1.5930395772252495,-1.5365757587764008,5,5,768.0,829.0,853.0,830.0,830.0,826.0
data2.1,525,527,246.86,534.0,未获奖,52.4,-0.07544885188572731,-0.1878964157180946,0.41235294117647053,-0.08917406083241333,-0.08917406083241333,5,5,463.0,528.0,548.0,590.0,536.0,534.0
data2.1,526,528,219.2,705.0,未获奖,42.4,-0.6225808542176143,-0.9056912031416282,0.2705182072829132,-0.6355295772750302,-0.6355295772750302,5,5,705.0,705.0,725.0,704.0,710.0,711.0
data2.1,527,529,267.91,321.0,未获奖,55.4,0.35012968252733234,0.23762828295406205,0.5958333333333333,0.3417459382387793,0.3645964159623782,5,5,337.0,236.0,317.0,287.0,229.0,215.0
data2.1,528,530,236.11,621.0,未获奖,39.4,-0.28508678504217977,-0.20081429429871359,0.42521008403361343,-0.2804969354947961,-0.2668638645271891,5,5,750.0,621.0,555.0,571.0,620.0,615.0
data2.1,529,531,225.9,675.0,未获奖,47.0,-0.48195776780779614,-0.6002967759341697,0.3764075630252101,-0.48495544664666373,-0.48495544664666373,5,5,620.0,673.0,663.0,627.0,674.0,674.0
data2.1,530,532,237.87,612.0,未获奖,53.8,-0.2602586733425122,-0.8839040809902811,0.35,-0.26443668597137315,-0.28154517379478594,5,5,399.0,612.0,719.0,642.0,616.0,620.0
data2.1,531,533,238.39,608.0,未获奖,49.0,-0.23066503044566983,-0.4136876658123116,0.4321918767507003,-0.2327965706239962,-0.11772218364249486,5,5,557.0,606.0,620.0,559.0,609.0,552.0
data2.1,532,534,254.05,467.0,未获奖,53.0,0.08098543597217822,-0.03148447098264985,0.4841666666666667,0.07240818203275272,0.06257100674302847,5,5,438.0,435.0,475.0,499.0,443.0,448.0
data2.1,533,535,238.84,602.0,未获奖,50.2,-0.2274238361631194,-0.34582980758618154,0.403298319327731,-0.22288202614723765,-0.22288202614723765,5,5,526.0,604.0,603.0,599.0,602.0,601.0
data2.1,534,536,240.43,590.0,未获奖,42.0,-0.19775880864331502,-0.1922298664508296,0.4302521008403361,-0.17931287457048348,-0.09562466773914281,5,5,712.0,589.0,552.0,563.0,583.0,540.0
data2.1,535,537,155.22,857.0,未获奖,32.0,-1.9231574943903467,-2.787895139169927,0.07201680672268908,-1.9398211568040664,-1.9278744426613903,5,5,820.0,857.0,866.0,844.0,858.0,857.0
data2.1,536,538,195.38,790.0,未获奖,29.4,-1.1012367932077018,-1.0707759797197274,0.1218487394957983,-1.0992248498721129,-1.1205168415230229,5,5,837.0,789.0,749.0,813.0,789.0,789.0
data2.1,537,539,267.7,322.0,未获奖,53.4,0.35387067482863577,0.3871898145471598,0.6440756302521009,0.3572183046752305,0.3572183046752305,5,5,415.0,232.0,221.0,192.0,222.0,220.0
data2.1,538,540,209.79,747.0,未获奖,47.6,-0.8160078187483677,-1.2251727389430003,0.20465686274509803,-0.8096282923966565,-0.7684210317050089,5,5,603.0,747.0,770.0,760.0,747.0,740.0
data2.1,539,541,213.04,730.0,未获奖,40.4,-0.7394388745512941,-0.8545402616628841,0.2525,-0.744289948875076,-0.700354403613364,5,5,735.0,728.0,711.0,718.0,729.0,726.0
data2.1,540,542,262.65,367.0,未获奖,59.4,0.23906390806773356,0.1326498493637304,0.5614705882352942,0.23815779843025817,0.23815779843025825,5,5,164.0,317.0,386.0,355.0,313.0,309.0
data2.1,541,543,248.49,514.0,未获奖,56.4,-0.030270399081356186,-0.09135208180981255,0.47833333333333333,-0.02244164544126869,-0.06153371637768311,5,5,298.0,503.0,509.0,512.0,498.0,518.0
data2.1,542,544,215.29,723.0,未获奖,42.8,-0.7131518884075088,-0.9109031771921291,0.23696778711484595,-0.7283055753201066,-0.7283055753201064,5,5,696.0,725.0,727.0,733.0,726.0,728.0
data2.1,543,545,257.37,427.0,未获奖,58.0,0.14749078648365974,0.12654731392084692,0.561344537815126,0.1440504971339488,0.09638444198271018,5,5,233.0,383.0,390.0,356.0,385.0,421.0
data2.1,544,546,254.42,461.0,未获奖,46.4,0.08206675342821533,0.12221130189564022,0.5579831932773109,0.07890260879773679,0.0653615071919045,5,5,642.0,434.0,394.0,366.0,435.0,446.0
data2.1,545,547,212.09,737.0,未获奖,37.8,-0.7580074172189203,-0.8615086518769239,0.273921568627451,-0.7639681011764746,-0.7639681011764747,5,5,765.0,733.0,713.0,697.0,738.0,738.0
data2.1,546,548,265.7,338.0,未获奖,61.0,0.3019708625011802,0.36189218493420927,0.6108333333333333,0.30128417243406763,0.25686218651321063,5,5,111.0,270.0,240.0,249.0,268.0,294.0
data2.1,547,549,257.48,425.0,未获奖,57.4,0.14962241456088554,0.07603350379554348,0.5369747899159665,0.1549587719468201,0.15495877194682006,5,5,260.0,381.0,425.0,405.0,377.0,378.0
data2.1,548,550,211.15,742.0,未获奖,36.6,-0.7828358841055452,-0.9620140639970668,0.19666666666666666,-0.7837357670861517,-0.8038581586761819,5,5,779.0,740.0,731.0,764.0,741.0,743.0
data2.1,549,551,213.01,731.0,未获奖,34.6,-0.7469074918821359,-0.8041428721315407,0.2647058823529412,-0.7461178547288306,-0.7331917500423497,5,5,799.0,731.0,702.0,709.0,730.0,729.0
data2.1,550,552,240.51,589.0,未获奖,54.6,-0.18981580485951657,-0.3634755759401652,0.38991596638655457,-0.187904236770441,-0.2797247133991113,5,5,372.0,586.0,611.0,615.0,587.0,619.0
data2.1,551,553,268.7,312.0,未获奖,57.0,0.3672291325224813,0.5321658839305647,0.6523529411764706,0.37261196639937055,0.3726119663993706,5,5,278.0,218.0,140.0,175.0,210.0,209.0
data2.1,552,554,121.88,885.0,未获奖,24.8,-2.5973339514056555,-3.848305055998511,0.026813725490196078,-2.634055239049743,-2.5770616818353203,5,5,857.0,883.0,880.0,875.0,883.0,883.0
data2.1,553,555,257.8,423.0,未获奖,55.6,0.1558393353346344,0.13425577974343658,0.5615266106442577,0.15538086875195511,0.15538086875195517,5,5,331.0,377.0,384.0,354.0,375.0,376.0
data2.1,554,556,268.99,308.0,未获奖,54.6,0.37978023292662233,0.3366688919096851,0.6559173669467787,0.37888232379427667,0.4007857905554274,5,5,372.0,209.0,251.0,167.0,200.0,183.0
data2.1,555,557,227.39,669.0,未获奖,44.8,-0.45836101190961764,-0.7104635999820135,0.2773529411764706,-0.4658532201800556,-0.4686626734071564,5,5,669.0,668.0,684.0,692.0,671.0,672.0
data2.1,556,558,256.46,438.0,未获奖,58.4,0.1291943999202234,-0.01284744303764942,0.4807843137254902,0.1281376714268119,0.1432235732116147,5,5,212.0,401.0,467.0,510.0,397.0,387.0
data2.1,557,559,268.68,311.0,未获奖,52.4,0.3675824369780799,0.3166359398654016,0.5798319327731092,0.37658614498143594,0.40930129958629324,5,5,463.0,217.0,263.0,323.0,203.0,174.0
data2.1,558,560,254.56,458.0,未获奖,54.4,0.08038082718258857,0.08125444236969512,0.5244467787114846,0.08152700535652119,0.0203294618761436,5,5,379.0,438.0,419.0,435.0,434.0,472.0
data2.1,559,561,190.48,798.0,未获奖,36.2,-1.196088391595978,-1.4544473467986214,0.15637254901960784,-1.1844526678595657,-1.1844526678595657,5,5,784.0,799.0,795.0,791.0,797.0,797.0
data2.1,560,562,247.58,523.0,未获奖,51.6,-0.04841597611846236,-0.17288458203067675,0.4366666666666667,-0.04184647665354459,-0.04381427824233196,5,5,487.0,514.0,543.0,556.0,510.0,510.0
data2.1,561,563,257.01,431.0,未获奖,59.2,0.14016021768739084,0.03747170885981086,0.5042016806722689,0.14282390425904165,0.111280023520278,5,5,173.0,391.0,448.0,466.0,386.0,410.0
data2.1,562,564,210.81,744.0,未获奖,34.0,-0.7929074962280552,-0.7624373468161408,0.21260504201680672,-0.7933860383094101,-0.8161209840477401,5,5,804.0,743.0,695.0,752.0,743.0,748.0
data2.1,563,565,231.27,644.0,未获奖,46.4,-0.3988131319753025,-0.48622218796237415,0.3481372549019608,-0.39499204305801755,-0.3949920430580176,5,5,642.0,651.0,637.0,647.0,647.0,644.0
data2.1,564,566,246.65,537.0,未获奖,53.6,-0.07911587825412233,-0.11698344783181518,0.4553011204481793,-0.07728313640058762,-0.13303424391734836,5,5,410.0,532.0,526.0,538.0,529.0,559.0
data2.1,565,567,234.47,627.0,未获奖,46.2,-0.31600098285959527,-0.4987484449240823,0.34469187675070023,-0.3235550910561654,-0.3235550910561655,5,5,648.0,627.0,641.0,649.0,628.0,630.0
data2.1,566,568,120.35,886.0,未获奖,22.0,-2.592869968469863,-4.4122937182427275,0.02769607843137255,-2.6004773192978416,-2.5557485835626865,5,5,875.0,882.0,885.0,874.0,882.0,880.0
data2.1,567,569,243.38,563.0,未获奖,47.4,-0.13225621553225722,-0.20909213543774455,0.44686274509803925,-0.11778308269142479,-0.11778308269142475,5,5,613.0,561.0,559.0,545.0,554.0,553.0
data2.1,568,570,268.43,314.0,未获奖,59.4,0.3600092982488249,0.475355392393029,0.6816666666666666,0.3671195082116076,0.30878581217102913,5,5,164.0,225.0,166.0,124.0,216.0,261.0
data2.1,569,571,152.85,864.0,未获奖,24.8,-1.9430066562716237,-2.3973718024709525,0.058823529411764705,-1.948363387906641,-1.9483633879066413,5,5,857.0,859.0,852.0,852.0,859.0,859.0
data2.1,570,572,223.42,689.0,未获奖,41.0,-0.5406212571295417,-0.628721743654969,0.3142857142857143,-0.5221451651918833,-0.49559540702043486,5,5,726.0,689.0,670.0,666.0,684.0,677.0
data2.1,571,573,262.44,370.0,未获奖,60.0,0.23293144403019905,0.17429697721077728,0.5616666666666668,0.2290906698272063,0.24643209990276738,5,5,143.0,320.0,355.0,353.0,323.0,300.0
data2.1,572,574,266.36,332.0,未获奖,62.0,0.326885850831874,0.3221496341690595,0.6159663865546219,0.33117497063506396,0.3154001928638291,5,5,75.0,250.0,261.0,239.0,240.0,256.0
data2.1,573,575,229.38,658.0,未获奖,39.4,-0.42086332199731,-0.42567861264745116,0.353781512605042,-0.41195416146228764,-0.407247383783944,5,5,750.0,656.0,623.0,637.0,653.0,650.0
data2.1,574,576,215.41,722.0,未获奖,41.4,-0.6916810914160582,-0.7905557278280873,0.23361344537815126,-0.6895928628191728,-0.6895928628191729,5,5,723.0,722.0,700.0,736.0,722.0,721.0
data2.1,575,577,238.71,604.0,未获奖,52.6,-0.22592542719545383,-0.4293750699424942,0.38416666666666666,-0.21706485814011703,-0.22193606778656516,5,5,457.0,602.0,624.0,619.0,598.0,600.0
data2.1,576,578,269.32,303.0,未获奖,59.0,0.3757644210864758,0.43381122850334125,0.6179551820728291,0.37718505088326343,0.3771850508832635,5,5,184.0,213.0,187.0,234.0,202.0,205.0
data2.1,577,579,245.81,547.0,未获奖,56.4,-0.09352671125257452,-0.3652956303704989,0.4156582633053222,-0.09385736834961032,-0.0758074936148622,5,5,298.0,543.0,612.0,585.0,540.0,526.0
data2.1,578,580,157.69,855.0,未获奖,20.4,-1.8606865398149428,-1.9917819189369168,0.026792717086834738,-1.8649268137777302,-1.8752869844233764,5,5,880.0,852.0,829.0,876.0,852.0,852.0
data2.1,579,581,168.24,839.0,未获奖,29.0,-1.6351143681467608,-2.0684383290615584,0.07983193277310925,-1.6349303918139972,-1.6745708585753258,5,5,838.0,836.0,836.0,836.0,836.0,838.0
data2.1,580,582,164.89,843.0,未获奖,21.2,-1.71126205677974,-1.6740948246411622,0.041176470588235294,-1.7136817346343183,-1.7055686576949862,5,5,878.0,840.0,806.0,867.0,841.0,841.0
data2.1,581,583,247.97,521.0,未获奖,53.2,-0.04049128695392605,-0.21728238037424602,0.4873459383753501,-0.03541000858613736,-0.035410008586137416,5,5,428.0,507.0,561.0,495.0,504.0,506.0
data2.1,582,584,269.63,296.0,未获奖,60.6,0.3817105271256963,0.3351154089188978,0.6001540616246498,0.37191435292139285,0.3687008168940696,5,5,125.0,206.0,253.0,274.0,211.0,211.0
data2.1,583,585,269.48,298.0,未获奖,57.0,0.38390045664609107,0.29473202277734856,0.6329621848739496,0.3838112716717511,0.3838112716717512,5,5,278.0,201.0,281.0,208.0,197.0,201.0
data2.1,584,586,257.94,420.0,未获奖,52.6,0.15883716316401303,0.152892807688437,0.5208333333333333,0.16552612735869088,0.23313859386399624,5,5,457.0,374.0,373.0,443.0,366.0,314.0
data2.1,585,587,228.11,665.0,未获奖,50.0,-0.4615767499801615,-0.7152813911211322,0.2633333333333333,-0.45233926947028547,-0.4519129014469535,5,5,530.0,669.0,687.0,711.0,667.0,668.0
data2.1,586,588,245.95,543.0,未获奖,50.0,-0.08079751106944055,-0.10051664240251859,0.48319327731092443,-0.07375698689875483,-0.0737569868987548,5,5,530.0,534.0,514.0,502.0,527.0,525.0
data2.1,587,589,225.35,677.0,未获奖,49.6,-0.492904403306885,-0.8189230664682752,0.29833333333333334,-0.5035087362446873,-0.4993434793791699,5,5,548.0,676.0,705.0,675.0,678.0,678.0
data2.1,588,590,244.55,557.0,未获奖,51.8,-0.12104742838956566,-0.11549175109634331,0.42833333333333334,-0.11527480039007283,-0.11527480039007286,5,5,480.0,554.0,525.0,565.0,550.0,548.0
data2.1,589,591,267.46,325.0,未获奖,55.2,0.34454688598080235,0.3001483879670849,0.6229761904761905,0.346410245910117,0.346410245910117,5,5,345.0,242.0,276.0,224.0,226.0,230.0
data2.1,590,592,240.27,591.0,未获奖,49.0,-0.20696154053220478,-0.3622237737980353,0.41999999999999993,-0.18700291853379541,-0.1819022160145011,5,5,557.0,593.0,610.0,580.0,586.0,585.0
data2.1,591,593,229.95,653.0,未获奖,51.8,-0.4119791910826998,-0.7858352658028903,0.293984593837535,-0.4120760299746918,-0.38648271255171107,5,5,480.0,654.0,699.0,679.0,654.0,640.0
data2.1,592,594,240.49,588.0,未获奖,48.8,-0.18993084450650402,-0.2796572798063778,0.4204481792717087,-0.18928993076249062,-0.20049379553466407,5,5,566.0,587.0,581.0,579.0,588.0,591.0
data2.1,593,595,268.7,313.0,未获奖,52.8,0.3665988555902874,0.38595860125605175,0.6722689075630253,0.3751739129666529,0.385237150863705,5,5,452.0,219.0,223.0,140.0,206.0,198.0
data2.1,594,596,256.92,433.0,未获奖,59.6,0.13817406300162144,0.05845586582130492,0.5184873949579832,0.14230814151581148,0.20654446532726678,5,5,159.0,393.0,432.0,445.0,387.0,341.0
data2.1,595,597,232.14,635.0,未获奖,39.8,-0.36461738878558714,-0.3496110436620352,0.37899159663865545,-0.3704965189550166,-0.38825653136845517,5,5,744.0,636.0,606.0,626.0,641.0,643.0
data2.1,596,598,249.72,501.0,未获奖,50.4,-0.005703123926548192,-0.03766636708765401,0.5050420168067228,-0.005403501392272417,-0.005403501392272378,5,5,519.0,489.0,476.0,463.0,488.0,489.0
data2.1,597,599,259.7,399.0,未获奖,50.0,0.18768014381571244,0.15738117721120554,0.5571428571428572,0.1960983190761499,0.22125009057504738,5,5,530.0,354.0,369.0,367.0,346.0,328.0
data2.1,598,600,137.59,876.0,未获奖,26.6,-2.2482316461731164,-3.206721782197299,0.026666666666666665,-2.2575437364886897,-2.2325891328570378,5,5,850.0,872.0,877.0,878.0,872.0,873.0
data2.1,599,601,211.59,739.0,未获奖,39.2,-0.7741490655589496,-1.0128602904806872,0.24507703081232496,-0.7636980150602071,-0.7636980150602071,5,5,753.0,738.0,739.0,727.0,737.0,737.0
data2.1,600,602,239.49,594.0,未获奖,54.6,-0.21023052215365298,-0.5091644530184223,0.4125,-0.19721863469983072,-0.2311391393626896,5,5,372.0,594.0,643.0,589.0,591.0,603.0
data2.1,601,603,243.94,561.0,未获奖,49.0,-0.12112290981631664,-0.18811284493194652,0.446218487394958,-0.12273816211202698,-0.12273816211202694,5,5,557.0,555.0,549.0,547.0,556.0,557.0
data2.1,602,604,259.07,407.0,未获奖,58.8,0.16617398879820847,-0.07119624683364062,0.49995798319327733,0.1628138587162083,0.16281385871620835,5,5,195.0,370.0,494.0,473.0,370.0,368.0
data2.1,603,605,260.15,398.0,未获奖,58.2,0.20303863288459062,0.16492904999582458,0.5554621848739496,0.20460200856694818,0.24321196863579134,5,5,223.0,344.0,363.0,369.0,340.0,305.0
data2.1,604,606,239.81,593.0,未获奖,55.4,-0.20368932878448714,-0.3603369681454412,0.4,-0.20181318272117366,-0.21164061595070288,5,5,337.0,592.0,608.0,603.0,592.0,596.0
data2.1,605,607,260.85,390.0,未获奖,53.2,0.2144272335683909,0.34146946328249445,0.5582072829131653,0.22991194936692336,0.22991194936692327,5,5,428.0,338.0,248.0,363.0,320.0,317.0
data2.1,606,608,264.92,351.0,未获奖,55.6,0.2931222063935116,0.19710118860260506,0.6137044817927172,0.2844689100617506,0.28967230718765363,5,5,331.0,279.0,340.0,242.0,281.0,276.0
data2.1,607,609,123.75,883.0,未获奖,23.0,-2.524854404798898,-4.361706911281983,0.025175070028011205,-2.532121011786784,-2.5431840053302692,5,5,868.0,879.0,884.0,879.0,880.0,879.0
data2.1,608,610,229.5,657.0,未获奖,41.6,-0.41001232613782645,-0.38038650948404085,0.373109243697479,-0.41290530024912053,-0.42903396882387196,5,5,719.0,652.0,617.0,628.0,656.0,662.0
data2.1,609,611,222.27,694.0,未获奖,40.4,-0.5617194380402368,-0.6501341487177182,0.3042016806722689,-0.574435346251169,-0.6143959300340316,5,5,735.0,694.0,674.0,671.0,698.0,705.0
data2.1,610,612,218.22,710.0,未获奖,46.2,-0.6497275162355153,-1.0372169012395642,0.2719327731092437,-0.660639380245394,-0.6803656059028079,5,5,648.0,714.0,743.0,700.0,716.0,718.0
data2.1,611,613,233.38,630.0,未获奖,48.2,-0.33239260770203594,-0.48417153840059546,0.35333333333333333,-0.3451859313087658,-0.37914373131406237,5,5,588.0,630.0,636.0,638.0,633.0,637.0
data2.1,612,614,207.52,757.0,未获奖,39.4,-0.8751760557000058,-1.0786499050359837,0.20457282913165264,-0.8720553077395863,-0.8720553077395862,5,5,750.0,757.0,750.0,761.0,756.0,758.0
data2.1,613,615,213.68,727.0,未获奖,47.6,-0.7414740684312243,-0.989996913232765,0.2033333333333333,-0.7341636203470208,-0.7651594664365955,5,5,603.0,730.0,735.0,762.0,728.0,739.0
data2.1,614,616,219.18,706.0,未获奖,43.0,-0.6334549452564948,-0.7789382174353101,0.2741036414565826,-0.6264263401036784,-0.6871110509333053,5,5,695.0,707.0,697.0,696.0,705.0,720.0
data2.1,615,617,204.79,767.0,未获奖,45.6,-0.9042179696606949,-1.4029407797113183,0.17142857142857143,-0.9118467541862167,-0.9223792478162419,5,5,656.0,765.0,787.0,782.0,765.0,767.0
data2.1,616,618,187.29,805.0,未获奖,33.4,-1.254431949645174,-1.627289253756271,0.1239565826330532,-1.2483051583161395,-1.2483051583161393,5,5,809.0,804.0,802.0,811.0,804.0,801.0
data2.1,617,619,211.19,741.0,未获奖,45.0,-0.7910680970818825,-1.0989973246890328,0.1775,-0.78841707647631,-0.7995729106158583,5,5,665.0,742.0,754.0,775.0,742.0,741.0
data2.1,618,620,264.25,356.0,未获奖,59.4,0.2849288388735073,0.2635283088540879,0.5932773109243697,0.2949632310971586,0.29496323109715866,5,5,164.0,285.0,299.0,296.0,276.0,272.0
data2.1,619,621,189.82,801.0,未获奖,31.0,-1.2102909261957724,-1.4813719487940453,0.16250000000000003,-1.1982898046863233,-1.1781530703198448,5,5,830.0,801.0,796.0,785.0,801.0,796.0
data2.1,620,622,210.45,745.0,未获奖,45.8,-0.8174086249502175,-1.1197081917438048,0.20916666666666667,-0.8203195637690767,-0.8105496579746142,5,5,655.0,748.0,756.0,756.0,748.0,745.0
data2.1,621,623,263.47,362.0,未获奖,56.6,0.2606172651260635,0.2972041822709569,0.5993627450980392,0.26297642068921967,0.24557244716127063,5,5,294.0,302.0,279.0,278.0,292.0,301.0
data2.1,622,624,124.74,882.0,未获奖,24.0,-2.5406499729026377,-3.8805701695220116,0.026701680672268906,-2.5579843239378453,-2.5579843239378457,5,5,865.0,881.0,881.0,877.0,881.0,881.0
data2.1,623,625,216.13,718.0,未获奖,46.8,-0.6771858155590899,-1.0377522113661328,0.21008403361344535,-0.6726408700166209,-0.6062390953941296,5,5,630.0,718.0,744.0,754.0,717.0,701.0
data2.1,624,626,269.47,300.0,未获奖,49.8,0.38366774992285907,0.4265351088499612,0.6789915966386555,0.4008220020676352,0.4632079666482038,5,5,541.0,203.0,192.0,126.0,179.0,133.0
data2.1,625,627,238.78,603.0,未获奖,49.6,-0.22458792778272807,-0.41123497214148774,0.3527941176470588,-0.22238809395575893,-0.20280795202062069,5,5,548.0,599.0,619.0,639.0,601.0,592.0
data2.1,626,628,266.88,327.0,未获奖,48.2,0.3314082818902767,0.38691242657248326,0.6403361344537816,0.3289823567307478,0.3277064926539654,5,5,588.0,246.0,222.0,197.0,242.0,240.0
data2.1,627,629,268.34,316.0,未获奖,58.4,0.3572701777717373,0.24335761838158057,0.5931232492997198,0.33884954629924097,0.36352053751347313,5,5,212.0,228.0,311.0,297.0,234.0,216.0
data2.1,628,630,152.36,865.0,未获奖,22.6,-1.9617108423771488,-2.0765896423524914,0.04201680672268907,-1.9809358176524874,-2.015761411376029,5,5,871.0,862.0,837.0,865.0,862.0,862.0
data2.1,629,631,195.89,787.0,未获奖,32.6,-1.08777902914478,-1.3078307695871436,0.21458683473389356,-1.0852250035839786,-1.0852250035839786,5,5,814.0,786.0,777.0,750.0,787.0,785.0
data2.1,630,632,251.42,491.0,未获奖,49.0,0.028494296921754824,0.051068586074656516,0.5458263305322129,0.04202868109117752,0.04202868109117752,5,5,557.0,474.0,440.0,389.0,462.0,460.0
data2.1,631,633,188.66,802.0,未获奖,33.0,-1.2268864280653833,-1.4423107806353455,0.14333333333333337,-1.2243833365099537,-1.2733626160639246,5,5,812.0,802.0,792.0,800.0,803.0,802.0
data2.1,632,634,225.94,674.0,未获奖,49.0,-0.5058454695357744,-0.7123371854250042,0.27287114845938376,-0.4927853658134279,-0.49278536581342797,5,5,557.0,678.0,685.0,699.0,676.0,675.0
data2.1,633,635,174.8,826.0,未获奖,31.2,-1.5234239768086593,-1.8065728506845464,0.09083333333333334,-1.5033551863683996,-1.4297099117558212,5,5,827.0,824.0,814.0,831.0,823.0,820.0
data2.1,634,636,248.7,513.0,未获奖,56.8,-0.026017700133421973,-0.2917975499926128,0.492436974789916,-0.03965951687903204,0.0537416402655899,5,5,289.0,499.0,583.0,483.0,508.0,453.0
data2.1,635,637,261.66,382.0,未获奖,50.8,0.2266599462947116,0.22590087341200255,0.5983193277310924,0.2156124491333497,0.17465465953682494,5,5,509.0,326.0,325.0,281.0,334.0,357.0
data2.1,636,638,250.56,496.0,未获奖,48.6,0.01122653898226269,-0.07533273417530803,0.4994817927170868,0.00747680927980783,0.007476809279807847,5,5,574.0,482.0,497.0,474.0,481.0,476.0
data2.1,637,639,259.02,408.0,未获奖,48.2,0.17596039626190257,0.17548289502963724,0.5425000000000001,0.17865889904414264,0.17644717147921682,5,5,588.0,365.0,354.0,394.0,355.0,354.0
data2.1,638,640,255.74,445.0,未获奖,50.4,0.10733731441143575,0.12740381012335686,0.5478991596638656,0.10237491128575817,0.07151799655048172,5,5,519.0,416.0,389.0,382.0,416.0,439.0
data2.1,639,641,214.51,726.0,未获奖,47.0,-0.7228055066872655,-1.3343675524978642,0.25691176470588234,-0.7033968470814259,-0.6724479966894581,5,5,620.0,726.0,780.0,715.0,725.0,716.0
data2.1,640,642,256.96,432.0,未获奖,59.2,0.1390996515135711,-0.09828293923801819,0.5265616246498599,0.15118453498965448,0.14963844708498755,5,5,173.0,392.0,512.0,429.0,380.0,384.0
data2.1,641,643,265.46,343.0,未获奖,51.8,0.30258496248604855,0.3157843101185877,0.6092436974789917,0.3214279368417421,0.35051532143464414,5,5,480.0,269.0,264.0,251.0,246.0,224.0
data2.1,642,644,261.4,386.0,未获奖,52.0,0.2279119494294323,0.18275487721056324,0.5887324929971989,0.23553726119099072,0.23553726119099067,5,5,475.0,323.0,349.0,307.0,316.0,311.0
data2.1,643,645,192.39,794.0,未获奖,34.8,-1.1671787002333485,-1.3951739164203754,0.16225490196078432,-1.1566345082693623,-1.1566345082693623,5,5,795.0,795.0,786.0,786.0,794.0,794.0
data2.1,644,646,253.81,470.0,未获奖,58.6,0.06868912768348613,-0.06288485276323146,0.49671568627450985,0.06599502880195224,0.08209039498838223,5,5,207.0,449.0,491.0,478.0,449.0,432.0
data2.1,645,647,251.09,495.0,未获奖,56.2,0.022005610325407227,-0.0789779656209186,0.49083333333333334,0.022182032906457004,0.004696918612558335,5,5,309.0,477.0,498.0,489.0,476.0,478.0
data2.1,646,648,187.1,806.0,未获奖,36.0,-1.2741983658311593,-1.6609469419965914,0.13651960784313727,-1.2797541729085449,-1.2797541729085449,5,5,786.0,806.0,805.0,805.0,806.0,804.0
data2.1,647,649,195.46,788.0,未获奖,36.8,-1.0908041593734716,-1.3178511762081169,0.175,-1.0711160189460638,-1.0743294247624815,5,5,776.0,788.0,778.0,777.0,782.0,782.0
data2.1,648,650,193.86,793.0,未获奖,42.4,-1.1330235125511379,-2.0641558480490088,0.13392857142857145,-1.133908174983919,-1.1466426061308472,5,5,705.0,793.0,835.0,807.0,793.0,793.0
data2.1,649,651,257.13,428.0,未获奖,52.6,0.14271273092020687,0.1330245664523285,0.565546218487395,0.14041224673565894,0.1821709042395655,5,5,457.0,387.0,385.0,347.0,389.0,351.0
data2.1,650,652,205.67,762.0,未获奖,39.0,-0.8950972051451236,-1.2046957178908873,0.1949509803921569,-0.9027622863956143,-0.9325973619805952,5,5,755.0,761.0,767.0,766.0,763.0,768.0
data2.1,651,653,208.0,755.0,未获奖,42.0,-0.8400159361404155,-1.1130703461743525,0.29876750700280114,-0.8463789226765598,-0.8463789226765597,5,5,712.0,754.0,755.0,674.0,755.0,755.0
data2.1,652,654,199.24,775.0,未获奖,38.0,-1.0397136013287223,-1.7269639993233679,0.16046918767507,-1.042214774015377,-1.042214774015377,5,5,762.0,778.0,811.0,789.0,779.0,776.0
data2.1,653,655,246.7,536.0,未获奖,49.8,-0.07277559710447226,-0.011582164556668795,0.4685084033613445,-0.05701018568896801,-0.057010185688968054,5,5,541.0,526.0,466.0,523.0,519.0,516.0
data2.1,654,656,237.13,614.0,未获奖,47.4,-0.26334285680773434,-0.46202617024146775,0.34151960784313723,-0.26758549831450906,-0.2416365659184526,5,5,613.0,614.0,629.0,651.0,617.0,607.0
data2.1,655,657,248.12,519.0,未获奖,59.2,-0.04706891055019144,-0.23655354493072017,0.4166596638655462,-0.03953176780047546,-0.03833704141286164,5,5,173.0,511.0,569.0,583.0,507.0,508.0
data2.1,656,658,265.7,340.0,未获奖,52.6,0.31398642252042713,0.35708591961121305,0.6064705882352941,0.31924028477592636,0.3192402847759264,5,5,457.0,262.0,243.0,260.0,250.0,247.0
data2.1,657,659,245.6,549.0,未获奖,53.8,-0.08794644515879006,-0.29934542277723175,0.4605042016806723,-0.08877052620595943,-0.09285870839316954,5,5,399.0,539.0,588.0,534.0,535.0,537.0
data2.1,658,660,253.73,472.0,未获奖,46.8,0.06769189535421222,0.08709495759273175,0.5285714285714287,0.05012188034062054,-0.0052863318241359505,5,5,630.0,451.0,415.0,421.0,456.0,488.0
data2.1,659,661,244.94,552.0,未获奖,52.4,-0.10935119479178404,-0.1251555075917682,0.44219887955182074,-0.09655100388150605,-0.008059403597688522,5,5,463.0,546.0,528.0,549.0,542.0,492.0
data2.1,660,662,217.43,715.0,未获奖,49.2,-0.6516031367087346,-0.8141897979807201,0.2641666666666666,-0.6369791022218485,-0.6919189114835534,5,5,554.0,715.0,704.0,710.0,711.0,723.0
data2.1,661,663,262.58,368.0,未获奖,60.0,0.2515309702699907,0.23832006834839697,0.5791036414565827,0.2543790316091083,0.22847509457398668,5,5,143.0,305.0,314.0,325.0,299.0,319.0
data2.1,662,664,245.91,545.0,未获奖,46.2,-0.08893125062523868,-0.10304719936447984,0.4915966386554621,-0.08545293863364416,-0.0972048223040439,5,5,648.0,540.0,515.0,488.0,534.0,541.0
data2.1,663,665,181.11,817.0,未获奖,29.0,-1.3849712060665489,-1.7208161684082366,0.11833333333333333,-1.3825345871922006,-1.4050003256848353,5,5,838.0,815.0,810.0,815.0,815.0,816.0
data2.1,664,666,258.52,413.0,未获奖,55.0,0.17038344673206846,0.13171164793137574,0.564453781512605,0.1604170133502416,0.16041701335024158,5,5,348.0,368.0,388.0,350.0,373.0,370.0
data2.1,665,667,261.48,384.0,未获奖,57.0,0.2166322242077435,0.09892531138990061,0.5213165266106443,0.201458508115575,0.2278844732548491,5,5,278.0,335.0,405.0,439.0,341.0,321.0
data2.1,666,668,229.97,654.0,未获奖,51.0,-0.4221928403377304,-0.8764632702309758,0.2844957983193277,-0.418664468099499,-0.41866446809949903,5,5,504.0,657.0,718.0,689.0,658.0,654.0
data2.1,667,669,264.98,348.0,未获奖,60.6,0.2992774531114157,0.28392849113205243,0.607563025210084,0.30438265829969646,0.2613596840543823,5,5,125.0,272.0,289.0,257.0,263.0,290.0
data2.1,668,670,175.09,825.0,未获奖,31.8,-1.498043331856526,-1.8162084329627834,0.09583333333333333,-1.488931720221394,-1.4720404627978596,5,5,823.0,822.0,815.0,824.0,822.0,822.0
data2.1,669,671,253.56,473.0,未获奖,54.4,0.07113142554756371,0.009153803164325219,0.5210294117647059,0.07610268618464472,0.07610268618464473,5,5,379.0,447.0,458.0,441.0,438.0,437.0
data2.1,670,672,149.3,866.0,未获奖,30.4,-2.014186235960674,-2.988368781569915,0.058823529411764705,-2.0199696444538633,-2.0557633313027273,5,5,833.0,863.0,873.0,852.0,863.0,864.0
data2.1,671,673,131.62,879.0,未获奖,26.0,-2.367600415396791,-2.9977141694111173,0.01918767507002801,-2.3736488541608893,-2.357568911033982,5,5,852.0,876.0,874.0,885.0,876.0,875.0
data2.1,672,674,255.72,447.0,未获奖,55.0,0.10265789372941403,0.13260323384074688,0.5244047619047618,0.1073281713499737,0.1073281713499737,5,5,348.0,419.0,387.0,436.0,410.0,412.0
data2.1,673,675,228.39,662.0,未获奖,43.8,-0.43212991491342406,-0.5623968189731039,0.3463095238095238,-0.4344747998036112,-0.4344747998036112,5,5,684.0,661.0,653.0,648.0,662.0,664.0
data2.1,674,676,257.91,421.0,未获奖,57.4,0.1453445612041504,0.14355327141541968,0.5308333333333334,0.14562521438420833,0.11934170454697152,5,5,260.0,385.0,379.0,416.0,383.0,403.0
data2.1,675,677,260.86,389.0,未获奖,57.6,0.21723541485091555,0.07140063797287596,0.5277310924369749,0.20971715845316832,0.2097171584531683,5,5,251.0,334.0,427.0,423.0,337.0,338.0
data2.1,676,678,254.12,466.0,未获奖,47.6,0.0767562005625507,0.0027959659687704754,0.5383333333333333,0.07154410034510947,0.11132628911810943,5,5,603.0,440.0,462.0,404.0,444.0,409.0
data2.1,677,679,184.08,811.0,未获奖,38.6,-1.3497725796219924,-2.0112672075440186,0.11499999999999999,-1.3425065656237323,-1.3035061774241512,5,5,756.0,813.0,833.0,816.0,811.0,809.0
data2.1,678,680,250.17,499.0,未获奖,44.6,-0.003062597493845953,0.01648755189831679,0.5042016806722689,-0.013751022840614474,-0.029765570052216483,5,5,675.0,485.0,457.0,466.0,494.0,501.0
data2.1,679,681,259.61,400.0,未获奖,58.0,0.18149039319397525,0.08661881332225749,0.527156862745098,0.1812036405316046,0.14570743241941614,5,5,233.0,357.0,416.0,426.0,352.0,385.0
data2.1,680,682,153.05,863.0,未获奖,21.0,-1.9463040739490645,-2.2924510176634825,0.045259103641456584,-1.9495927837349403,-1.9495927837349405,5,5,879.0,860.0,849.0,864.0,861.0,861.0
data2.1,681,683,253.32,474.0,未获奖,51.0,0.06621073795537456,0.01974470812997726,0.5175,0.06064368257779942,0.048333185031617036,5,5,504.0,453.0,456.0,449.0,452.0,455.0
data2.1,682,684,251.82,485.0,未获奖,52.2,0.02563883596230917,-0.08439781810886626,0.48083333333333333,0.03689291794459535,0.012010818142394915,5,5,470.0,476.0,503.0,509.0,466.0,474.0
data2.1,683,685,245.54,550.0,未获奖,54.6,-0.10986645852596685,-0.24206723923437806,0.41224089635854344,-0.1025225671591739,-0.10252256715917392,5,5,372.0,547.0,571.0,591.0,545.0,546.0
data2.1,684,686,263.32,364.0,未获奖,59.2,0.26643841987344397,0.27766536265119834,0.5899159663865545,0.2676111574227268,0.3165923926889064,5,5,173.0,299.0,292.0,302.0,291.0,253.0
data2.1,685,687,258.05,418.0,未获奖,60.0,0.16093134518035054,0.03975945529546245,0.5333333333333334,0.16505058773891942,0.17067257030705715,5,5,143.0,373.0,446.0,412.0,368.0,358.0
data2.1,686,688,205.8,761.0,未获奖,38.6,-0.8989879859369985,-1.0844993847826712,0.19048319327731092,-0.8903817623471862,-0.8903817623471861,5,5,756.0,762.0,752.0,768.0,761.0,761.0
data2.1,687,689,236.36,620.0,未获奖,48.4,-0.2799847388618694,-0.5133624113794086,0.43794117647058817,-0.2879052886258649,-0.3030089498042958,5,5,579.0,620.0,644.0,553.0,622.0,625.0
data2.1,688,690,243.77,562.0,未获奖,42.6,-0.131937177060905,-0.08511994496786504,0.48647058823529415,-0.13494144049791498,-0.1510209657510061,5,5,701.0,559.0,504.0,496.0,559.0,570.0
data2.1,689,691,269.53,297.0,未获奖,57.0,0.39056041948106407,0.3254438503325594,0.6083333333333333,0.3913530965926599,0.33486176946871743,5,5,278.0,193.0,259.0,255.0,189.0,238.0
data2.1,690,692,222.11,695.0,未获奖,43.6,-0.5842907680901127,-0.7416721803609704,0.25243697478991595,-0.5798391562692311,-0.5798391562692312,5,5,687.0,699.0,692.0,719.0,699.0,698.0
data2.1,691,693,200.08,774.0,未获奖,45.4,-0.998307945597338,-1.648380472743079,0.3420168067226891,-0.999569022250061,-0.627453710165448,5,5,661.0,773.0,803.0,650.0,773.0,707.0
data2.1,692,694,245.72,548.0,未获奖,43.6,-0.09297247996227427,0.025140110125945792,0.47815126050420165,-0.11625819029296676,-0.23446839170389833,5,5,687.0,542.0,451.0,513.0,552.0,605.0
data2.1,693,695,233.94,628.0,未获奖,46.4,-0.3211828164224407,-0.37688266138286375,0.3798319327731092,-0.3176504618207874,-0.3176504618207873,5,5,642.0,628.0,615.0,624.0,627.0,628.0
data2.1,694,696,265.7,339.0,未获奖,56.0,0.30301639513201095,0.4124613189768997,0.6160854341736695,0.3099393113093352,0.30993931130933516,5,5,318.0,268.0,203.0,238.0,258.0,260.0
data2.1,695,697,245.13,551.0,未获奖,51.6,-0.11920223112450216,-0.28326141235894375,0.39749999999999996,-0.1114643663326022,-0.11795325978398573,5,5,487.0,553.0,582.0,609.0,548.0,554.0
data2.1,696,698,254.5,459.0,未获奖,55.0,0.07238736608231917,-0.06751907804113388,0.4749999999999999,0.07447836252847717,0.0457388127111653,5,5,348.0,444.0,493.0,517.0,440.0,458.0
data2.1,697,699,162.75,850.0,未获奖,33.6,-1.7449532818426654,-3.116789680933752,0.0671358543417367,-1.7469048612218256,-1.7620691341874952,5,5,806.0,848.0,876.0,845.0,847.0,847.0
data2.1,698,700,238.6,606.0,未获奖,44.0,-0.22806694082803763,-0.18912020126103496,0.43697478991596644,-0.2176841037432852,-0.19590539071340576,5,5,682.0,605.0,550.0,555.0,599.0,590.0
data2.1,699,701,230.87,649.0,未获奖,48.6,-0.3932833540418354,-0.47569348299928293,0.3160364145658264,-0.3742620916236406,-0.4028863673548159,5,5,574.0,648.0,632.0,662.0,643.0,647.0
data2.1,700,702,258.64,412.0,未获奖,58.8,0.1728896077399912,0.17344048100826734,0.5425840336134454,0.17440596020709553,0.16990149881203068,5,5,195.0,367.0,357.0,393.0,358.0,362.0
data2.1,701,703,249.52,505.0,未获奖,53.2,-0.014107648215684799,-0.11987540316152216,0.47600140056022405,-0.010977296807514143,-0.010977296807514171,5,5,428.0,493.0,527.0,515.0,490.0,494.0
data2.1,702,704,145.01,872.0,未获奖,24.8,-2.0999058634850485,-2.564571989905863,0.05333333333333333,-2.1321927505440477,-2.1385073457071306,5,5,857.0,868.0,859.0,857.0,868.0,868.0
data2.1,703,705,217.66,714.0,未获奖,48.8,-0.6467821127792464,-1.029722559467602,0.2235294117647059,-0.6474234659785225,-0.690418850778765,5,5,566.0,713.0,742.0,741.0,714.0,722.0
data2.1,704,706,241.08,585.0,未获奖,47.8,-0.17853903657125353,-0.27273999722827175,0.42663865546218493,-0.1712411975571359,-0.1712411975571359,5,5,600.0,582.0,578.0,569.0,576.0,577.0
data2.1,705,707,223.66,685.0,未获奖,42.6,-0.5270135621724377,-0.6698335613754474,0.29387955182072834,-0.5157902106523442,-0.5157902106523442,5,5,701.0,684.0,679.0,680.0,682.0,682.0
data2.1,706,708,148.86,867.0,未获奖,24.6,-2.022706661740294,-2.559522106264316,0.05126050420168067,-2.040350099529833,-2.0403500995298325,5,5,861.0,864.0,858.0,858.0,864.0,863.0
data2.1,707,709,251.71,486.0,未获奖,50.8,0.028536289739970293,-0.09238479493437002,0.4901050420168067,0.028880836928757404,0.028880836928757404,5,5,509.0,473.0,510.0,490.0,474.0,466.0
data2.1,708,710,164.19,845.0,未获奖,25.8,-1.7161416507667728,-2.001051019666965,0.06583333333333333,-1.717689683147961,-1.7093141389842534,5,5,853.0,842.0,830.0,846.0,842.0,842.0
data2.1,709,711,249.55,504.0,未获奖,53.8,-0.01327046139320518,-0.11497001581987418,0.4756792717086835,-0.014139429593840094,-0.014139429593840055,5,5,399.0,492.0,524.0,516.0,495.0,497.0
data2.1,710,712,254.66,456.0,未获奖,53.4,0.09324157176363662,0.02387483164496518,0.5175000000000001,0.1044793122697408,0.09650011181364299,5,5,415.0,427.0,452.0,448.0,412.0,420.0
data2.1,711,713,227.89,667.0,未获奖,46.8,-0.4506988839575981,-0.666010320103059,0.2666596638655462,-0.4473891751206083,-0.4473891751206083,5,5,630.0,666.0,678.0,707.0,664.0,666.0
data2.1,712,714,267.97,320.0,未获奖,49.0,0.35386561156319096,0.425848938596814,0.665546218487395,0.35010784857248756,0.3487057603176731,5,5,557.0,233.0,193.0,148.0,223.0,227.0
data2.1,713,715,219.33,704.0,未获奖,49.4,-0.6133174217905257,-1.0034923632657344,0.24957983193277306,-0.6150004144944758,-0.6512379260670866,5,5,551.0,704.0,738.0,722.0,704.0,713.0
data2.1,714,716,176.15,822.0,未获奖,30.6,-1.476924170579382,-1.8786173581802885,0.08892857142857143,-1.4838141751846556,-1.4838141751846554,5,5,832.0,821.0,818.0,832.0,821.0,823.0
data2.1,715,717,246.09,540.0,未获奖,53.6,-0.07823624170726362,-0.171824817717169,0.4386554621848739,-0.07061205354336927,-0.07061205354336926,5,5,410.0,530.0,541.0,552.0,524.0,523.0
data2.1,716,718,260.82,392.0,未获奖,49.8,0.2122090439879229,0.29478705116098886,0.6025,0.221874544320391,0.2177400464509758,5,5,541.0,339.0,280.0,270.0,329.0,331.0
data2.1,717,719,251.52,488.0,未获奖,56.6,0.008539661092428175,-0.10802558354156902,0.49833333333333335,0.02163670188687737,0.04639077445184932,5,5,294.0,483.0,520.0,476.0,477.0,456.0
data2.1,718,720,180.55,818.0,未获奖,38.2,-1.3886764476632028,-2.00387992779737,0.1,-1.3888825326117575,-1.4099231939530508,5,5,760.0,817.0,832.0,821.0,817.0,818.0
data2.1,719,721,248.3,516.0,未获奖,48.2,-0.03426188021496738,-0.05772589746689303,0.5119117647058824,-0.027660567360897483,-0.027660567360897496,5,5,588.0,504.0,485.0,454.0,500.0,500.0
data2.1,720,722,219.83,702.0,未获奖,36.4,-0.6119363381054728,-0.5995473417569736,0.273109243697479,-0.5985144569370549,-0.5797670767408214,5,5,781.0,703.0,662.0,698.0,701.0,697.0
data2.1,721,723,253.22,475.0,未获奖,51.6,0.06434697698255781,0.10539411165622584,0.5471148459383753,0.08976374226530792,0.11339371793391605,5,5,487.0,455.0,403.0,383.0,424.0,407.0
data2.1,722,724,265.42,344.0,未获奖,55.0,0.30336686616845954,0.23832006834839697,0.6118627450980393,0.30180629395031217,0.3018062939503121,5,5,348.0,267.0,314.0,247.0,267.0,265.0
data2.1,723,725,196.08,786.0,未获奖,35.0,-1.0785450154444534,-1.3252137493335392,0.18171568627450982,-1.0824938354934492,-1.0824938354934488,5,5,792.0,784.0,779.0,772.0,786.0,783.0
data2.1,724,726,202.26,771.0,未获奖,37.4,-0.9624550053896096,-1.258776896170664,0.2066736694677871,-0.9719336390408003,-0.9719336390408004,5,5,767.0,771.0,774.0,757.0,771.0,772.0
data2.1,725,727,185.73,808.0,未获奖,32.2,-1.2854631527712752,-1.5097598565830053,0.13999999999999999,-1.2799382600903413,-1.2999733694060347,5,5,818.0,807.0,798.0,803.0,807.0,807.0
data2.1,726,728,266.31,333.0,未获奖,56.4,0.3187149846173339,0.35373293163661435,0.5946218487394959,0.3297132085034049,0.3873664486230705,5,5,298.0,255.0,245.0,290.0,241.0,195.0
data2.1,727,729,230.46,651.0,未获奖,42.8,-0.3906684929940777,-0.47950161264608865,0.40739495798319325,-0.4003791915196015,-0.40037919151960155,5,5,696.0,647.0,634.0,593.0,649.0,645.0
data2.1,728,730,218.94,707.0,未获奖,48.4,-0.6320723548905147,-0.9441518270247318,0.26499999999999996,-0.6313602920474096,-0.6067498224364538,5,5,579.0,706.0,730.0,708.0,707.0,702.0
data2.1,729,731,223.66,684.0,未获奖,40.2,-0.53399656198033,-0.6142683702376134,0.3378151260504202,-0.5288679880406846,-0.5251172231935433,5,5,739.0,687.0,665.0,654.0,687.0,683.0
data2.1,730,732,265.04,347.0,未获奖,61.8,0.300959647757145,0.24458319682925106,0.5890756302521009,0.30069894857659374,0.3894022886683132,5,5,79.0,271.0,310.0,306.0,269.0,191.0
data2.1,731,733,265.85,335.0,未获奖,61.2,0.31702099358575403,0.3255812538225369,0.6208333333333333,0.3244010539275344,0.2992197694385757,5,5,106.0,258.0,258.0,228.0,244.0,269.0
data2.1,732,734,181.08,816.0,未获奖,32.0,-1.3860896282179058,-1.8323665632447503,0.1269187675070028,-1.3862505645417915,-1.4189015375354,5,5,820.0,816.0,816.0,810.0,816.0,819.0
data2.1,733,735,158.96,852.0,未获奖,28.0,-1.859647184211368,-2.246309530809733,0.09666666666666668,-1.8448742488465524,-1.8762531247937073,5,5,844.0,851.0,847.0,823.0,850.0,853.0
data2.1,734,736,260.8,391.0,未获奖,59.2,0.21597966131876117,0.272365792398168,0.5726960784313725,0.21603599296409573,0.22025208788761563,5,5,173.0,337.0,298.0,334.0,331.0,329.0
data2.1,735,737,225.03,678.0,未获奖,47.0,-0.499392095780984,-0.5756335784664397,0.30938375350140057,-0.49414274091145594,-0.4941427409114558,5,5,620.0,677.0,654.0,668.0,677.0,676.0
data2.1,736,738,244.66,554.0,未获奖,46.6,-0.11426389984569578,-0.11428871202242308,0.45210084033613446,-0.11239876282709414,-0.1169232058948001,5,5,638.0,549.0,523.0,540.0,549.0,551.0
data2.1,737,739,208.21,752.0,未获奖,36.2,-0.8357612022569685,-0.8038265525112956,0.2563025210084034,-0.8462030722217377,-0.9073891627402652,5,5,784.0,751.0,701.0,716.0,753.0,763.0
data2.1,738,740,236.09,622.0,未获奖,50.0,-0.27831576607050806,-0.5074739999871526,0.38923669467787114,-0.27162145506581004,-0.27162145506581004,5,5,530.0,619.0,642.0,616.0,618.0,617.0
data2.1,739,741,182.73,815.0,未获奖,33.2,-1.37597031026242,-2.1661324271603513,0.12223389355742298,-1.3743355953079568,-1.3743355953079568,5,5,810.0,814.0,840.0,812.0,814.0,814.0
data2.1,740,742,254.07,468.0,未获奖,54.6,0.07172483591743026,0.1360476599565824,0.5508333333333334,0.09054461046719565,-0.0005101601315400702,5,5,372.0,446.0,383.0,377.0,423.0,481.0
data2.1,741,743,213.26,729.0,未获奖,48.0,-0.7346542964799836,-1.0908014449090937,0.21764705882352944,-0.7316322906182985,-0.8169024451502217,5,5,596.0,727.0,753.0,744.0,727.0,749.0
data2.1,742,744,204.78,766.0,未获奖,31.2,-0.9128479152112791,-0.8894518404838114,0.21512605042016805,-0.8897953238914159,-0.8278139725351275,5,5,827.0,766.0,720.0,749.0,760.0,750.0
data2.1,743,745,212.49,734.0,未获奖,45.6,-0.7684137504816622,-0.9878331333527397,0.21666666666666665,-0.7546800985817234,-0.830205412671261,5,5,656.0,737.0,734.0,745.0,733.0,751.0
data2.1,744,746,163.33,848.0,未获奖,24.2,-1.7334563152079188,-1.9658339771654223,0.07464285714285715,-1.7341197224923393,-1.7341197224923393,5,5,864.0,846.0,823.0,842.0,846.0,846.0
data2.1,745,747,261.32,387.0,未获奖,60.6,0.22638257117738098,0.08928972911166358,0.561344537815126,0.2240759607851395,0.2905597368298307,5,5,125.0,329.0,412.0,356.0,327.0,275.0
data2.1,746,748,208.97,749.0,未获奖,39.6,-0.82056220171683,-0.9736317911145915,0.24621848739495794,-0.8305713930500688,-0.8305713930500687,5,5,746.0,749.0,732.0,725.0,749.0,752.0
data2.1,747,749,133.94,878.0,未获奖,20.0,-2.3212627756614905,-2.8515970442316054,0.031092436974789917,-2.3259096041496594,-2.381763352381366,5,5,881.0,875.0,869.0,871.0,875.0,876.0
data2.1,748,750,242.87,571.0,未获奖,41.2,-0.14828405881671092,-0.10485265442772525,0.4504201680672269,-0.1518205028084326,-0.13817754752400055,5,5,724.0,569.0,518.0,542.0,568.0,563.0
data2.1,749,751,247.56,526.0,未获奖,54.4,-0.0607575763482399,-0.07194568101083679,0.4770308123249299,-0.046887242243135896,-0.0993455630585266,5,5,379.0,521.0,495.0,514.0,514.0,542.0
data2.1,750,752,239.22,598.0,未获奖,50.6,-0.21544424716432026,-0.3960224316355438,0.4053221288515406,-0.2153490367922455,-0.2153490367922455,5,5,517.0,596.0,618.0,596.0,597.0,598.0
data2.1,751,753,209.86,746.0,未获奖,38.0,-0.8090428389568801,-0.9926596328862619,0.2265406162464986,-0.8056157835872976,-0.8056157835872977,5,5,762.0,745.0,736.0,739.0,746.0,744.0
data2.1,752,754,236.0,623.0,未获奖,43.2,-0.28521031305965466,-0.43038934176125593,0.3848739495798319,-0.3076135251117135,-0.32067835493645097,5,5,692.0,622.0,625.0,618.0,626.0,629.0
data2.1,753,755,238.46,607.0,未获奖,47.0,-0.23091944986814586,-0.33292172102370404,0.38249999999999995,-0.23027371958892667,-0.2840647798141986,5,5,620.0,607.0,601.0,622.0,607.0,622.0
data2.1,754,756,238.66,605.0,未获奖,43.2,-0.23357688962688256,-0.27622002530946277,0.42436974789915977,-0.24366634875223037,-0.2693203038216017,5,5,692.0,608.0,579.0,572.0,610.0,616.0
data2.1,755,757,146.3,868.0,未获奖,25.0,-2.0742282610213816,-2.5399686872774696,0.031785714285714285,-2.0785190251662025,-2.0785190251662025,5,5,856.0,865.0,857.0,870.0,865.0,865.0
data2.1,756,758,231.3,643.0,未获奖,48.6,-0.3847253039187759,-0.4501338331664856,0.3482352941176471,-0.3645401690794492,-0.368230871727582,5,5,574.0,642.0,627.0,646.0,638.0,636.0
data2.1,757,759,215.82,719.0,未获奖,44.2,-0.6837698140572317,-0.8954667797241654,0.28988095238095235,-0.6846010858607983,-0.6846010858607982,5,5,679.0,719.0,724.0,684.0,720.0,719.0
data2.1,758,760,212.81,732.0,未获奖,41.2,-0.7615813654263379,-0.9783822005594567,0.21666666666666665,-0.7518788518266659,-0.734031390639854,5,5,724.0,734.0,733.0,745.0,732.0,730.0
data2.1,759,761,222.79,692.0,未获奖,50.2,-0.5442949101619067,-0.6965342670043515,0.31666666666666665,-0.5246854353085234,-0.5711458755835924,5,5,526.0,690.0,682.0,661.0,685.0,695.0
data2.1,760,762,241.8,579.0,未获奖,46.4,-0.16410350218655528,-0.1435701759457324,0.4666386554621848,-0.16292377993681265,-0.1629237799368127,5,5,642.0,576.0,535.0,526.0,572.0,573.0
data2.1,761,763,261.43,385.0,未获奖,56.4,0.21662157913627245,0.11432577195426245,0.5408333333333333,0.2196539800987472,0.22765121640610955,5,5,298.0,336.0,397.0,400.0,330.0,322.0
data2.1,762,764,252.11,481.0,未获奖,58.4,0.0343200477871655,-0.10641965316186278,0.4692016806722689,0.03931327543472698,-0.00582526554808746,5,5,212.0,470.0,519.0,522.0,464.0,490.0
data2.1,763,765,145.37,871.0,未获奖,23.0,-2.0923990837821487,-2.592224688541969,0.03361344537815126,-2.1021237262743218,-2.1021237262743213,5,5,868.0,867.0,862.0,869.0,867.0,867.0
data2.1,764,766,198.67,777.0,未获奖,36.8,-1.0264672641411006,-1.2309456360447864,0.173109243697479,-1.0333272653880736,-1.1371888178778211,5,5,776.0,775.0,773.0,780.0,777.0,792.0
data2.1,765,767,196.22,785.0,未获奖,35.6,-1.0823727843784794,-1.3369988076584598,0.16083333333333333,-1.080800512708271,-1.1050385888123353,5,5,789.0,785.0,781.0,787.0,785.0,787.0
data2.1,766,768,236.91,615.0,未获奖,44.2,-0.266164829890334,-0.34882754429496654,0.41532913165266105,-0.2569859149763773,-0.25698591497637735,5,5,679.0,616.0,605.0,586.0,612.0,611.0
data2.1,767,769,231.62,639.0,未获奖,51.2,-0.385841992815664,-0.5604189889265184,0.3509873949579832,-0.37167722061826536,-0.42415492894920004,5,5,499.0,643.0,651.0,641.0,642.0,657.0
data2.1,768,770,247.32,529.0,未获奖,47.6,-0.06453582427669272,-0.06002645036490273,0.47328431372549024,-0.06570624103628235,-0.06570624103628235,5,5,603.0,523.0,487.0,520.0,523.0,520.0
data2.1,769,771,257.16,429.0,未获奖,52.8,0.13787898052951547,0.037096991771212735,0.5259173669467787,0.13804886521849696,0.15280291949480848,5,5,452.0,395.0,449.0,432.0,392.0,380.0
data2.1,770,772,225.98,673.0,未获奖,41.6,-0.48874861960352234,-0.5620756328971627,0.2991596638655462,-0.4855713702801257,-0.5015234686971225,5,5,719.0,674.0,652.0,673.0,675.0,679.0
data2.1,771,773,260.55,393.0,未获奖,58.2,0.21095667498901288,0.220654834171629,0.5663865546218487,0.21589131999795277,0.20248719740077162,5,5,223.0,341.0,328.0,343.0,333.0,344.0
data2.1,772,774,245.94,544.0,未获奖,46.6,-0.08113880422618538,-0.0627188810110704,0.4882352941176471,-0.09507615674223545,-0.13659824250887723,5,5,638.0,535.0,490.0,494.0,541.0,562.0
data2.1,773,775,215.45,721.0,未获奖,42.8,-0.6910560869825219,-0.9097426555732377,0.29679971988795517,-0.6769951350759874,-0.6769951350759874,5,5,696.0,721.0,726.0,676.0,719.0,717.0
data2.1,774,776,252.09,482.0,未获奖,51.8,0.04161013545137064,-0.08315425150714506,0.46333333333333326,0.03646524500160994,0.06617170519546102,5,5,480.0,465.0,502.0,531.0,468.0,443.0
data2.1,775,777,254.41,462.0,未获奖,53.0,0.07186498916447288,-0.10304719936447984,0.4615686274509804,0.06994880503794891,0.06994880503794891,5,5,438.0,445.0,515.0,532.0,447.0,442.0
data2.1,776,778,260.33,394.0,未获奖,51.4,0.1988832942215176,0.20302853164042967,0.5974789915966386,0.20463280642240084,0.2032605397621943,5,5,493.0,347.0,338.0,282.0,339.0,343.0
data2.1,777,779,162.91,849.0,未获奖,34.2,-1.7419503913696155,-2.632387547401712,0.07394957983193276,-1.7478171533487104,-1.704823951711752,5,5,802.0,847.0,864.0,843.0,848.0,840.0
data2.1,778,780,166.21,841.0,未获奖,27.8,-1.6757072398054447,-2.1423111265280426,0.06357843137254902,-1.673773150689238,-1.6737731506892377,5,5,846.0,839.0,839.0,847.0,838.0,837.0
data2.1,779,781,242.89,570.0,未获奖,55.8,-0.14233526960537765,-0.3006301670809967,0.40252100840336136,-0.13852715967336185,-0.06402776136930965,5,5,323.0,566.0,590.0,600.0,562.0,519.0
data2.1,780,782,141.99,874.0,未获奖,16.0,-2.1692135428696906,-2.376081058800606,0.029411764705882353,-2.1801314882047738,-2.1848974670113046,5,5,884.0,871.0,851.0,872.0,871.0,871.0
data2.1,781,783,154.32,860.0,未获奖,24.8,-1.9477835178380272,-2.9018091341037517,0.05009803921568627,-1.9485446281655332,-1.948544628165533,5,5,857.0,861.0,871.0,860.0,860.0,860.0
data2.1,782,784,257.91,422.0,未获奖,52.8,0.15292154985991435,0.054708694935323834,0.5466316526610644,0.14997517199277463,0.14997517199277466,5,5,452.0,380.0,436.0,386.0,381.0,383.0
data2.1,783,785,233.29,631.0,未获奖,47.6,-0.34614709995578163,-0.45394710510048436,0.36416666666666664,-0.32625421591390064,-0.29504375818454126,5,5,603.0,632.0,628.0,631.0,629.0,623.0
data2.1,784,786,182.9,814.0,未获奖,29.6,-1.3419487618859507,-1.4054372714834067,0.10840336134453783,-1.3574664238354495,-1.4016897460713893,5,5,836.0,812.0,788.0,818.0,813.0,815.0
data2.1,785,787,136.77,877.0,未获奖,22.4,-2.2647940843153807,-2.9443127581533086,0.01919467787114846,-2.2676521080375593,-2.26765210803756,5,5,873.0,874.0,872.0,884.0,874.0,874.0
data2.1,786,788,175.8,823.0,未获奖,36.4,-1.5041251273672898,-2.2098052812232027,0.09784313725490196,-1.5155743642375625,-1.4840850087377364,5,5,781.0,823.0,842.0,822.0,824.0,824.0
data2.1,787,789,239.04,600.0,未获奖,44.8,-0.22702645387758813,-0.26069603163896976,0.4008403361344538,-0.2244537905643867,-0.23190460455960044,5,5,669.0,603.0,575.0,602.0,605.0,604.0
data2.1,788,790,218.81,708.0,未获奖,48.8,-0.6348527353013511,-1.1442789265533093,0.2153711484593838,-0.6333592814222452,-0.6347712235928255,5,5,566.0,708.0,758.0,747.0,709.0,709.0
data2.1,789,791,252.84,477.0,未获奖,51.4,0.05671252858701157,0.048713221517754104,0.5352941176470589,0.05198698163666649,0.018543811097804536,5,5,493.0,459.0,442.0,407.0,454.0,473.0
data2.1,790,792,209.69,748.0,未获奖,32.2,-0.8134312491232153,-0.7415456525128723,0.25126050420168067,-0.7949168128523121,-0.7431406037463885,5,5,818.0,746.0,691.0,721.0,744.0,731.0
data2.1,791,793,247.0,533.0,未获奖,46.2,-0.05983343394668887,0.038104348100301125,0.5210084033613446,-0.05526007936876888,-0.08998917296273866,5,5,648.0,520.0,447.0,442.0,518.0,535.0
data2.1,792,794,215.02,724.0,未获奖,43.4,-0.6997328914168455,-0.8918999238281865,0.24560224089635857,-0.7001388756085598,-0.7001388756085596,5,5,690.0,723.0,722.0,726.0,724.0,725.0
data2.1,793,795,208.08,754.0,未获奖,45.0,-0.8597221714151096,-1.4351270054266925,0.26316526610644264,-0.8811040327039752,-0.8143903448195711,5,5,665.0,756.0,790.0,713.0,757.0,747.0
data2.1,794,796,229.0,660.0,未获奖,48.4,-0.4258451460883254,-0.6036692297315527,0.2828921568627451,-0.42190835865844656,-0.42190835865844656,5,5,579.0,659.0,664.0,691.0,659.0,656.0
data2.1,795,797,169.6,834.0,未获奖,31.4,-1.6282390715603614,-2.001693391818847,0.08583333333333334,-1.641684456182793,-1.675923693565125,5,5,826.0,835.0,831.0,833.0,837.0,839.0
data2.1,796,798,238.32,611.0,未获奖,41.6,-0.24144558557107948,-0.19113491391921178,0.41764705882352937,-0.2523021829952984,-0.29894550485482724,5,5,719.0,610.0,551.0,582.0,611.0,624.0
data2.1,797,799,214.98,725.0,未获奖,40.4,-0.7004041672776736,-0.8275359246625941,0.26806022408963587,-0.6975351612627764,-0.6975351612627761,5,5,735.0,724.0,708.0,705.0,723.0,724.0
data2.1,798,800,227.41,670.0,未获奖,49.0,-0.46273419264347854,-0.758472466070072,0.32333333333333336,-0.46883326928366975,-0.41954308660660583,5,5,557.0,670.0,694.0,657.0,672.0,655.0
data2.1,799,801,269.11,305.0,未获奖,60.0,0.3822385994669683,0.45333954682396616,0.6210084033613444,0.4060333328126073,0.40603333281260723,5,5,143.0,205.0,177.0,227.0,173.0,176.0
data2.1,800,802,241.63,580.0,未获奖,50.0,-0.1673850284008223,-0.20877094936180324,0.40157563025210086,-0.16684113650035334,-0.14403162436346434,5,5,530.0,578.0,557.0,601.0,573.0,566.0
data2.1,801,803,258.28,414.0,未获奖,48.8,0.15789348983190732,0.21446470252621608,0.5974789915966385,0.16717483707855368,0.1678149586355442,5,5,566.0,375.0,332.0,283.0,364.0,364.0
data2.1,802,804,256.11,441.0,未获奖,50.4,0.12216413291347103,0.08077829809922081,0.5466596638655462,0.12635666970841894,0.12635666970841897,5,5,519.0,404.0,420.0,385.0,399.0,397.0
data2.1,803,805,264.75,353.0,未获奖,61.6,0.29488550515699813,0.30159372530882045,0.6277310924369748,0.2983930181841517,0.36749610916918973,5,5,86.0,276.0,274.0,219.0,272.0,213.0
data2.1,804,806,208.58,750.0,未获奖,33.8,-0.8370913253413814,-0.8562285474466778,0.2394957983193277,-0.8422211250260303,-0.8693850737156207,5,5,805.0,753.0,712.0,730.0,752.0,757.0
data2.1,805,807,244.18,559.0,未获奖,50.2,-0.13215599923749738,-0.4886705274359964,0.4188515406162464,-0.13512298356709837,-0.1351229835670984,5,5,526.0,560.0,638.0,581.0,560.0,560.0
data2.1,806,808,231.16,645.0,未获奖,50.0,-0.39386547216941886,-0.5826940372937093,0.3410084033613446,-0.4051287791759572,-0.40512877917595724,5,5,530.0,649.0,656.0,652.0,651.0,649.0
data2.1,807,809,258.06,419.0,未获奖,53.2,0.15570554012533885,0.07419398354242548,0.5712464985994399,0.1545354047849739,0.15063666553241783,5,5,428.0,378.0,426.0,338.0,379.0,382.0
data2.1,808,810,259.3,404.0,未获奖,54.8,0.18024300705065002,-0.08726378617111115,0.5075,0.17283091786849464,0.15115338373828519,5,5,363.0,362.0,505.0,459.0,359.0,381.0
data2.1,809,811,269.06,307.0,未获奖,56.2,0.3760916670757175,0.3795884107498838,0.5929271708683473,0.38686746658106813,0.38686746658106813,5,5,309.0,212.0,229.0,298.0,194.0,197.0
data2.1,810,812,212.53,733.0,未获奖,46.6,-0.7621587102933317,-1.1926709619951221,0.22198179271708685,-0.7597258873637804,-0.7496913964199768,5,5,638.0,735.0,764.0,742.0,735.0,733.0
data2.1,811,813,145.74,870.0,未获奖,25.2,-2.1057124637346325,-2.5653749550957157,0.04916666666666667,-2.1352895316834757,-2.1458952921964602,5,5,855.0,869.0,860.0,861.0,869.0,869.0
data2.1,812,814,216.97,717.0,未获奖,36.6,-0.6686315243348028,-0.6815033221346456,0.2394957983193277,-0.6764693413306957,-0.7076344934235457,5,5,779.0,717.0,681.0,730.0,718.0,727.0
data2.1,813,815,154.63,859.0,未获奖,31.2,-1.9072326487446059,-2.6743558613247003,0.059663865546218484,-1.9061708791352876,-1.934295997943954,5,5,827.0,855.0,865.0,850.0,855.0,858.0
data2.1,814,816,249.6,502.0,未获奖,50.2,-0.00795221004687956,-0.08993210126354603,0.4991596638655462,0.010681657539326381,0.14286588463617889,5,5,526.0,490.0,507.0,475.0,479.0,388.0
data2.1,815,817,248.86,512.0,未获奖,53.2,-0.02293826739646603,-0.14726381581905662,0.4814775910364147,-0.01733157627677682,-0.017331576276776825,5,5,428.0,498.0,536.0,507.0,496.0,499.0
data2.1,816,818,264.6,354.0,未获奖,47.6,0.28506755011770585,0.3789411721423053,0.6277310924369749,0.3024007623381202,0.3163326029928106,5,5,603.0,284.0,230.0,218.0,266.0,255.0
data2.1,817,819,220.21,700.0,未获奖,39.8,-0.6033620254218387,-0.6993826803620409,0.24033613445378155,-0.6008282787063196,-0.5884658399064675,5,5,744.0,700.0,683.0,729.0,702.0,699.0
data2.1,818,820,272.32,262.0,三等奖,61.4,0.4462829990536699,0.4546642472902883,0.6891666666666667,0.44803011427629386,0.4259254269366876,5,5,89.0,142.0,175.0,116.0,136.0,159.0
data2.1,819,821,273.73,254.0,三等奖,58.8,0.4657071725988128,0.4945978704738211,0.6556302521008404,0.45558926587217996,0.4555892658721799,5,5,195.0,130.0,155.0,168.0,134.0,139.0
data2.1,820,822,270.41,287.0,三等奖,62.6,0.40803899772917623,0.37696539112969707,0.6453781512605042,0.4121269553140815,0.41923188830978675,5,5,69.0,178.0,231.0,188.0,166.0,164.0
data2.1,821,823,261.04,388.0,未获奖,60.0,0.20534257357765698,0.06659257974514957,0.5158333333333334,0.19416291291848853,0.1696576989642887,5,5,143.0,343.0,430.0,451.0,347.0,363.0
data2.1,822,824,274.2,250.0,三等奖,54.0,0.48404694527896197,0.6014355265670523,0.6463515406162466,0.47105502697677276,0.4710550269767729,5,5,392.0,124.0,119.0,185.0,125.0,126.0
data2.1,823,825,257.05,430.0,未获奖,52.4,0.14083411443456179,0.10304719936447984,0.534453781512605,0.14434975963269212,0.15516788428911304,5,5,463.0,390.0,404.0,409.0,384.0,377.0
data2.1,824,826,270.22,290.0,三等奖,61.6,0.38955550542632594,0.33649594556110135,0.6519327731092437,0.38812231945432574,0.38812231945432585,5,5,86.0,195.0,252.0,177.0,192.0,193.0
data2.1,825,827,270.49,285.0,三等奖,60.2,0.40707764185157097,0.43125813216762976,0.646624649859944,0.4070096101341968,0.46172013584132926,5,5,141.0,179.0,188.0,184.0,172.0,134.0
data2.1,826,828,272.02,264.0,三等奖,59.0,0.4317524871374977,0.5613656426240293,0.7120378151260505,0.442297463879155,0.40195961545077497,5,5,184.0,154.0,127.0,94.0,141.0,182.0
data2.1,827,829,272.15,263.0,三等奖,61.0,0.4343614803765624,0.24297726644954487,0.6408333333333334,0.4377270813346204,0.3869430220293646,5,5,111.0,151.0,313.0,195.0,142.0,196.0
data2.1,828,830,272.59,258.0,三等奖,56.4,0.4519699057137257,0.41325941771105673,0.6725,0.44738469641337014,0.4488726607107578,5,5,298.0,137.0,202.0,139.0,137.0,144.0
data2.1,829,831,270.08,291.0,三等奖,56.2,0.40168412792865055,0.3674660696109503,0.6445378151260505,0.4020361471570364,0.4020361471570364,5,5,309.0,181.0,237.0,189.0,178.0,181.0
data2.1,830,832,273.79,253.0,三等奖,58.6,0.46020735338463875,0.33153815023503413,0.6525000000000001,0.4563207953836404,0.44564024969897337,5,5,207.0,133.0,256.0,174.0,133.0,145.0
data2.1,831,833,271.62,267.0,三等奖,59.2,0.4258132275444348,0.4438514949920944,0.6564145658263306,0.4146330006584584,0.4146330006584584,5,5,173.0,158.0,181.0,165.0,162.0,167.0
data2.1,832,834,270.0,292.0,三等奖,61.0,0.4002920254485147,0.3818026480916,0.6621848739495799,0.4083982132849965,0.4083982132849965,5,5,111.0,183.0,228.0,152.0,169.0,175.0
data2.1,833,835,277.1,246.0,三等奖,58.0,0.5418880524435206,0.5041161455568579,0.6747899159663866,0.5391417336987457,0.5391417336987456,5,5,233.0,108.0,150.0,133.0,106.0,105.0
data2.1,834,836,270.24,289.0,三等奖,58.4,0.39213862402344296,0.25652880878764284,0.5292927170868348,0.36040953785295626,0.3604095378529563,5,5,212.0,192.0,304.0,418.0,219.0,218.0
data2.1,835,837,272.52,261.0,三等奖,52.4,0.44489933431449113,0.4306940567563797,0.6458333333333334,0.44431313494639174,0.47555697215334736,5,5,463.0,145.0,189.0,187.0,139.0,124.0
data2.1,836,838,192.07,795.0,未获奖,42.8,-1.1584727237189283,-1.58368401781467,0.15000000000000002,-1.1618234255494835,-1.1338674773072674,5,5,696.0,794.0,799.0,796.0,795.0,791.0
data2.1,837,839,275.78,247.0,三等奖,59.0,0.5096259114917852,0.4193084221412834,0.6893697478991596,0.4982984234433434,0.49829842344334346,5,5,184.0,116.0,197.0,115.0,114.0,117.0
data2.1,838,840,294.28,242.0,三等奖,63.2,0.8800969281485788,0.8035296987138347,0.7999019607843139,0.8748908232940322,0.8748908232940324,5,5,56.0,55.0,88.0,46.0,55.0,53.0
data2.1,839,841,262.57,369.0,未获奖,59.4,0.2513613998095643,0.28746153796740603,0.5747899159663865,0.25161883395288165,0.2339793667610486,5,5,164.0,306.0,287.0,331.0,301.0,312.0
data2.1,840,842,256.64,436.0,未获奖,57.4,0.13269233535656838,0.13682526835096645,0.5403361344537816,0.13752530962355322,0.08120094257614406,5,5,260.0,398.0,381.0,401.0,393.0,433.0
data2.1,841,843,273.55,255.0,三等奖,63.2,0.47079215030177013,0.5587031790997797,0.6621358543417367,0.4687369740817384,0.4544551679577286,5,5,56.0,128.0,129.0,153.0,126.0,140.0
data2.1,842,844,198.94,776.0,未获奖,31.8,-1.0300955774604685,-1.054132701239136,0.14705882352941177,-1.0320272727313395,-1.0582540190586414,5,5,823.0,776.0,745.0,798.0,776.0,779.0
data2.1,843,845,271.18,274.0,三等奖,55.0,0.4125737224798769,0.43406223516556003,0.6537324929971988,0.4029399156235688,0.40293991562356885,5,5,348.0,173.0,185.0,170.0,176.0,179.0
data2.1,844,846,271.58,268.0,三等奖,54.2,0.4250903223505868,0.48562361391175635,0.6521008403361345,0.412221327051026,0.3614183192183295,5,5,386.0,159.0,162.0,176.0,165.0,217.0
data2.1,845,847,270.5,284.0,三等奖,57.4,0.39570204479694226,0.4095657778377325,0.6485294117647059,0.3938374483702338,0.39383744837023377,5,5,260.0,188.0,206.0,181.0,186.0,186.0
data2.1,846,848,270.8,279.0,三等奖,61.2,0.41610859369949643,0.5575790278339854,0.6436974789915966,0.4202311386959717,0.2908209678763601,5,5,106.0,168.0,130.0,193.0,157.0,274.0
data2.1,847,849,271.31,272.0,三等奖,54.4,0.4261985710119494,0.4539965183429368,0.6490616246498598,0.4363180788663747,0.4363180788663747,5,5,379.0,157.0,176.0,180.0,143.0,153.0
data2.1,848,850,259.15,405.0,未获奖,56.6,0.17721081273190417,0.167219613853195,0.5458333333333334,0.17548243819018147,0.1818453880347938,5,5,294.0,364.0,362.0,387.0,357.0,352.0
data2.1,849,851,270.87,278.0,三等奖,56.8,0.4032620936806435,0.41123497214148774,0.592310924369748,0.38449182970892065,0.38449182970892065,5,5,289.0,180.0,205.0,300.0,195.0,199.0
data2.1,850,852,271.45,270.0,三等奖,54.6,0.4290593666313418,0.4696908379627926,0.6736064425770307,0.4322415828007671,0.4322415828007672,5,5,372.0,156.0,169.0,137.0,146.0,154.0
data2.1,851,853,270.59,283.0,三等奖,56.2,0.4117664729278016,0.511488825936418,0.5663865546218487,0.39716285271549995,0.17481285332520613,5,5,309.0,174.0,146.0,343.0,181.0,356.0
data2.1,852,854,289.84,245.0,三等奖,68.0,0.7966355891626633,0.8712172309906021,0.8201680672268907,0.7940010066037141,0.858805171440364,5,5,16.0,67.0,80.0,37.0,67.0,56.0
data2.1,853,855,269.83,294.0,三等奖,55.6,0.39681507117758896,0.30090605768468986,0.5958333333333334,0.40528917478258625,0.46887621538467056,5,5,331.0,186.0,275.0,286.0,174.0,128.0
data2.1,854,856,271.86,266.0,三等奖,60.0,0.43266596557743037,0.33356633923206164,0.5942647058823529,0.4264870153219999,0.42648701532199995,5,5,143.0,153.0,254.0,293.0,151.0,157.0
data2.1,855,857,290.06,244.0,三等奖,67.8,0.8012880646361971,0.856977981623874,0.7789915966386555,0.796609914785421,0.8340680074929839,5,5,20.0,65.0,83.0,57.0,66.0,60.0
data2.1,856,858,266.56,331.0,未获奖,55.8,0.3235637571776454,0.2115875041815957,0.5883333333333333,0.31165288204992486,0.2957228864018023,5,5,323.0,252.0,333.0,308.0,255.0,271.0
data2.1,857,859,270.69,281.0,三等奖,63.0,0.41355573468375495,0.42043257340707774,0.6411764705882353,0.41585177876732016,0.42382397752671935,5,5,59.0,170.0,196.0,194.0,160.0,161.0
data2.1,858,860,239.1,599.0,未获奖,42.0,-0.22464121696775524,-0.22060130315897206,0.4294117647058823,-0.2232785048691689,-0.20899907273319493,5,5,712.0,600.0,562.0,564.0,603.0,595.0
data2.1,859,861,243.3,565.0,未获奖,47.0,-0.1342007335884191,-0.13669387404717231,0.4605672268907563,-0.12539750544662176,-0.12539750544662176,5,5,620.0,563.0,533.0,533.0,557.0,558.0
data2.1,860,862,274.38,248.0,三等奖,54.2,0.4876129556286382,0.7885410151699105,0.6084453781512604,0.48677984206390307,0.4867798420639032,5,5,386.0,123.0,92.0,253.0,117.0,120.0
data2.1,861,863,270.94,276.0,三等奖,61.0,0.4131711623655482,0.473462084998007,0.6408333333333334,0.41832014839436155,0.4125559092384907,5,5,111.0,171.0,167.0,195.0,158.0,169.0
data2.1,862,864,272.54,260.0,三等奖,60.8,0.4507119626246764,0.49607189429123866,0.5764705882352941,0.46016318741633166,0.6113828543461264,5,5,121.0,138.0,154.0,327.0,128.0,96.0
data2.1,863,865,270.47,286.0,三等奖,61.0,0.4094819039021977,0.4902905449242964,0.6550490196078431,0.4071347645862464,0.41039900997820467,5,5,111.0,175.0,159.0,169.0,171.0,173.0
data2.1,864,866,293.44,243.0,三等奖,67.0,0.8567992139710847,1.2789094233853437,0.7705322128851539,0.8581728424373785,0.8581728424373788,5,5,26.0,58.0,38.0,61.0,57.0,57.0
data2.1,865,867,273.43,256.0,三等奖,59.0,0.4533332085624898,0.3596872273521403,0.6583333333333333,0.45904951909658076,0.45739817386047055,5,5,184.0,136.0,242.0,159.0,130.0,137.0
data2.1,866,868,272.61,259.0,三等奖,50.4,0.4462259259677701,0.4642598734059682,0.6672268907563026,0.4445807126682864,0.4640903083386923,5,5,519.0,143.0,172.0,146.0,138.0,131.0
data2.1,867,869,271.5,269.0,三等奖,54.4,0.4298808413318966,0.40127820378730944,0.6569747899159664,0.4220320322492079,0.4220320322492079,5,5,379.0,155.0,211.0,164.0,155.0,163.0
data2.1,868,870,270.84,277.0,三等奖,62.2,0.41663780045127163,0.4362721183100744,0.6766666666666666,0.4209552758076278,0.4030508320220523,5,5,74.0,166.0,184.0,131.0,156.0,178.0
data2.1,869,871,273.24,257.0,三等奖,63.4,0.4647538446998768,0.5360595607459226,0.6931022408963585,0.4724063359254994,0.4278739077140818,5,5,48.0,131.0,138.0,111.0,124.0,156.0
data2.1,870,872,271.99,265.0,三等奖,53.4,0.4341823783725561,0.466522775304645,0.66890756302521,0.4329456707949909,0.45137110142841813,5,5,415.0,152.0,171.0,143.0,144.0,143.0
data2.1,871,873,270.75,280.0,三等奖,58.0,0.41489956481811935,0.4214468452258394,0.677640056022409,0.41478937746709094,0.4147893774670909,5,5,233.0,169.0,195.0,130.0,161.0,166.0
data2.1,872,874,115.6,887.0,未获奖,22.0,-2.7232595839289635,-4.163213916350299,0.02,-2.758798168115551,-2.774872541398214,5,5,875.0,884.0,883.0,883.0,884.0,884.0
data2.1,873,875,273.82,252.0,三等奖,58.2,0.46346903632593606,0.5315629556827453,0.6994117647058824,0.46143668941639104,0.46143668941639104,5,5,223.0,132.0,141.0,108.0,127.0,135.0
data2.1,874,876,269.73,295.0,三等奖,61.4,0.3850163777783511,0.3940107925283329,0.6491666666666667,0.38445906636670196,0.3761905241173777,5,5,89.0,200.0,215.0,179.0,196.0,206.0
data2.1,875,877,241.42,583.0,未获奖,55.4,-0.18125745409215882,-0.32605458067129245,0.3984873949579832,-0.17443014281268537,-0.17602140031219898,5,5,337.0,583.0,600.0,607.0,578.0,580.0
data2.1,876,878,271.24,273.0,三等奖,61.2,0.42484446272966403,0.2921187360685539,0.6201680672268908,0.4043094330416754,0.5374364723724552,5,5,106.0,160.0,283.0,229.0,175.0,106.0
data2.1,877,879,269.97,293.0,三等奖,57.4,0.3993440425279026,0.36350028256139144,0.6308333333333334,0.3964973104387063,0.3896244988382588,5,5,260.0,184.0,239.0,213.0,182.0,190.0
data2.1,878,880,270.63,282.0,三等奖,58.8,0.4126350984718047,0.3274346050550017,0.6100840336134453,0.4122534646943047,0.41225346469430474,5,5,195.0,172.0,257.0,250.0,164.0,170.0
data2.1,879,881,273.88,251.0,三等奖,53.0,0.47239426460570594,0.5096440648848581,0.6641666666666667,0.47653800256214357,0.465492197928825,5,5,438.0,127.0,148.0,151.0,123.0,129.0
data2.1,880,882,259.44,402.0,未获奖,58.0,0.1885539011306844,0.1648529796094175,0.575,0.19802581071001668,0.1569712923459349,5,5,233.0,353.0,364.0,330.0,343.0,373.0
data2.1,881,883,270.35,288.0,三等奖,57.2,0.40123351606589786,0.2986495196126924,0.6358473389355742,0.39167464670778324,0.3916746467077833,5,5,270.0,182.0,277.0,204.0,188.0,188.0
data2.1,882,884,271.37,271.0,三等奖,59.0,0.41655106908994216,0.4573915115140701,0.6499649859943978,0.41158295371816495,0.3931623099535264,5,5,184.0,167.0,173.0,178.0,168.0,187.0
data2.1,883,885,271.04,275.0,三等奖,57.2,0.4207099456128134,0.3640949752688022,0.6358333333333333,0.41819376037279843,0.3477890879007006,5,5,270.0,163.0,238.0,205.0,159.0,228.0
data2.1,884,886,299.98,241.0,三等奖,69.6,0.9897655345496925,1.4104351214832804,0.8391666666666666,0.9891713545580494,1.0157817524234338,5,5,12.0,45.0,30.0,32.0,43.0,42.0
data2.1,885,887,274.42,249.0,三等奖,53.2,0.48328474116900094,0.5052915817788339,0.7075,0.4798320213045722,0.46901693274208295,5,5,428.0,125.0,149.0,98.0,121.0,127.0
