work_id,expert_id
1,16
1,29
1,55
1,73
1,82
2,1
2,20
2,64
2,76
2,118
3,1
3,13
3,43
3,90
3,92
4,54
4,64
4,90
4,107
4,113
5,4
5,39
5,66
5,103
5,106
6,27
6,45
6,74
6,99
6,104
7,1
7,10
7,27
7,74
7,86
8,11
8,33
8,47
8,106
8,111
9,4
9,5
9,21
9,32
9,122
10,18
10,36
10,52
10,109
10,125
11,8
11,35
11,40
11,117
11,119
12,15
12,29
12,63
12,81
12,112
13,6
13,15
13,24
13,40
13,119
14,12
14,18
14,20
14,30
14,52
15,49
15,65
15,75
15,79
15,115
16,51
16,77
16,80
16,84
16,97
17,61
17,62
17,71
17,79
17,121
18,33
18,47
18,58
18,62
18,108
19,1
19,22
19,28
19,77
19,95
20,9
20,18
20,29
20,57
20,124
21,17
21,70
21,72
21,74
21,115
22,16
22,60
22,69
22,89
22,106
23,20
23,25
23,26
23,28
23,30
24,9
24,15
24,29
24,55
24,112
25,14
25,61
25,79
25,99
25,121
26,22
26,35
26,61
26,87
26,115
27,7
27,22
27,70
27,88
27,94
28,2
28,76
28,78
28,102
28,118
29,1
29,20
29,22
29,90
29,94
30,16
30,33
30,60
30,106
30,108
31,28
31,55
31,93
31,110
31,125
32,10
32,12
32,33
32,53
32,106
33,28
33,66
33,93
33,95
33,103
34,16
34,33
34,60
34,106
34,108
35,27
35,59
35,67
35,107
35,118
36,70
36,72
36,77
36,85
36,104
37,23
37,26
37,34
37,84
37,114
38,5
38,21
38,32
38,46
38,96
39,18
39,49
39,50
39,109
39,125
40,25
40,44
40,74
40,76
40,116
41,17
41,31
41,65
41,71
41,91
42,11
42,33
42,47
42,101
42,106
43,10
43,42
43,53
43,111
43,113
44,45
44,64
44,76
44,97
44,118
45,18
45,36
45,52
45,57
45,109
46,15
46,29
46,40
46,55
46,110
47,3
47,31
47,65
47,68
47,75
48,63
48,85
48,92
48,95
48,112
49,17
49,31
49,48
49,71
49,74
50,24
50,25
50,110
50,113
50,125
51,16
51,37
51,60
51,89
51,114
52,13
52,34
52,64
52,97
52,118
53,28
53,53
53,66
53,96
53,103
54,17
54,27
54,45
54,74
54,104
55,28
55,54
55,64
55,97
55,98
56,15
56,24
56,40
56,82
56,110
57,3
57,65
57,71
57,74
57,104
58,63
58,85
58,92
58,95
58,122
59,24
59,55
59,110
59,123
59,125
60,4
60,56
60,69
60,105
60,109
61,10
61,39
61,56
61,66
61,111
62,4
62,16
62,33
62,60
62,69
63,8
63,28
63,82
63,103
63,119
64,7
64,50
64,61
64,87
64,121
65,12
65,17
65,53
65,70
65,80
66,23
66,26
66,37
66,84
66,114
67,19
67,30
67,42
67,54
67,94
68,16
68,18
68,69
68,106
68,124
69,3
69,58
69,74
69,112
69,116
70,10
70,39
70,53
70,101
70,103
71,4
71,33
71,60
71,106
71,108
72,10
72,12
72,19
72,53
72,101
73,48
73,49
73,62
73,68
73,76
74,20
74,76
74,97
74,98
74,99
75,26
75,37
75,84
75,114
75,117
76,19
76,70
76,88
76,94
76,101
77,63
77,70
77,88
77,94
77,101
78,29
78,88
78,90
78,92
78,112
79,5
79,21
79,32
79,86
79,96
80,3
80,33
80,58
80,69
80,112
81,4
81,5
81,32
81,39
81,122
82,12
82,17
82,19
82,70
82,74
83,49
83,57
83,109
83,123
83,125
84,5
84,66
84,86
84,95
84,122
85,27
85,64
85,76
85,107
85,118
86,14
86,22
86,99
86,114
86,121
87,14
87,47
87,77
87,96
87,103
88,33
88,56
88,69
88,105
88,106
89,47
89,58
89,70
89,71
89,79
90,35
90,79
90,83
90,87
90,115
91,28
91,39
91,53
91,66
91,96
92,3
92,31
92,48
92,83
92,91
93,3
93,5
93,73
93,83
93,119
94,31
94,65
94,80
94,91
94,115
95,1
95,2
95,20
95,44
95,116
96,29
96,40
96,55
96,73
96,83
97,5
97,8
97,51
97,86
97,122
98,13
98,25
98,43
98,55
98,73
99,19
99,28
99,30
99,103
99,117
100,5
100,21
100,32
100,46
100,122
101,10
101,11
101,27
101,56
101,111
102,6
102,70
102,90
102,93
102,101
103,11
103,33
103,60
103,69
103,106
104,23
104,26
104,34
104,84
104,97
105,46
105,55
105,82
105,96
105,119
106,11
106,16
106,33
106,69
106,106
107,11
107,60
107,89
107,106
107,111
108,3
108,8
108,24
108,40
108,83
109,19
109,28
109,53
109,101
109,103
110,16
110,33
110,60
110,69
110,106
111,28
111,64
111,97
111,113
111,118
112,14
112,22
112,47
112,66
112,78
113,1
113,20
113,22
113,78
113,90
114,25
114,42
114,93
114,98
114,113
115,16
115,56
115,69
115,106
115,108
116,18
116,49
116,57
116,109
116,124
117,3
117,31
117,71
117,83
117,91
118,7
118,70
118,72
118,77
118,104
119,10
119,42
119,53
119,106
119,111
120,6
120,28
120,46
120,93
120,103
121,2
121,27
121,59
121,67
121,118
122,15
122,29
122,55
122,82
122,110
123,1
123,17
123,42
123,54
123,74
124,17
124,44
124,70
124,74
124,102
125,18
125,36
125,51
125,52
125,57
126,28
126,51
126,66
126,96
126,100
127,41
127,48
127,62
127,68
127,76
128,7
128,14
128,47
128,61
128,121
129,35
129,49
129,62
129,76
129,99
130,6
130,42
130,54
130,93
130,113
131,5
131,17
131,19
131,91
131,119
132,22
132,49
132,50
132,61
132,87
133,23
133,34
133,45
133,84
133,97
134,1
134,27
134,42
134,74
134,78
135,6
135,24
135,64
135,107
135,113
136,12
136,24
136,52
136,75
136,93
137,109
137,110
137,123
137,124
137,125
138,17
138,41
138,48
138,58
138,74
139,23
139,51
139,84
139,97
139,100
140,26
140,30
140,81
140,84
140,88
141,37
141,63
141,72
141,81
141,114
142,1
142,27
142,56
142,78
142,116
143,10
143,16
143,33
143,56
143,106
144,1
144,27
144,59
144,78
144,118
145,56
145,60
145,69
145,89
145,108
146,27
146,59
146,67
146,107
146,118
147,43
147,81
147,92
147,112
147,116
148,6
148,93
148,107
148,110
148,113
149,8
149,23
149,38
149,51
149,100
150,49
150,65
150,68
150,75
150,115
151,11
151,33
151,37
151,63
151,78
152,17
152,31
152,65
152,71
152,91
153,10
153,12
153,42
153,53
153,101
154,22
154,50
154,66
154,80
154,87
155,36
155,41
155,76
155,102
155,116
156,6
156,17
156,24
156,39
156,119
157,10
157,17
157,54
157,62
157,102
158,24
158,40
158,83
158,117
158,119
159,23
159,45
159,84
159,91
159,97
160,12
160,19
160,28
160,66
160,103
161,5
161,21
161,32
161,46
161,96
162,6
162,19
162,88
162,93
162,94
163,54
163,64
163,98
163,107
163,113
164,48
164,49
164,68
164,76
164,79
165,12
165,17
165,31
165,41
165,74
166,23
166,34
166,45
166,84
166,97
167,5
167,19
167,21
167,77
167,103
168,44
168,72
168,92
168,104
168,120
169,18
169,51
169,100
169,109
169,124
170,14
170,22
170,47
170,99
170,121
171,16
171,22
171,33
171,63
171,101
172,4
172,5
172,39
172,109
172,122
173,7
173,50
173,80
173,87
173,121
174,17
174,31
174,39
174,75
174,83
175,17
175,61
175,68
175,70
175,79
176,8
176,35
176,45
176,97
176,117
177,14
177,35
177,80
177,99
177,114
178,23
178,26
178,84
178,88
178,97
179,63
179,72
179,85
179,90
179,92
180,27
180,59
180,67
180,107
180,118
181,35
181,61
181,71
181,79
181,80
182,63
182,85
182,92
182,95
182,112
183,35
183,79
183,80
183,84
183,99
184,27
184,56
184,64
184,105
184,107
185,34
185,45
185,64
185,97
185,118
186,12
186,20
186,30
186,42
186,54
187,24
187,83
187,91
187,115
187,117
188,49
188,50
188,51
188,57
188,109
189,25
189,88
189,90
189,93
189,113
190,20
190,34
190,76
190,97
190,118
191,23
191,26
191,30
191,38
191,100
192,23
192,26
192,38
192,84
192,100
193,9
193,25
193,51
193,92
193,95
194,49
194,50
194,61
194,75
194,87
195,20
195,26
195,88
195,94
195,101
196,8
196,35
196,81
196,91
196,117
197,39
197,49
197,50
197,66
197,87
198,3
198,31
198,71
198,83
198,91
199,43
199,44
199,85
199,92
199,112
200,18
200,51
200,66
200,109
200,125
201,7
201,50
201,61
201,87
201,121
202,14
202,22
202,47
202,78
202,99
203,35
203,80
203,91
203,101
203,103
204,52
204,66
204,93
204,95
204,122
205,56
205,60
205,89
205,99
205,111
206,2
206,59
206,67
206,98
206,107
207,25
207,36
207,49
207,87
207,115
208,12
208,35
208,53
208,101
208,103
209,37
209,84
209,89
209,99
209,114
210,6
210,15
210,24
210,40
210,110
211,12
211,19
211,20
211,30
211,52
212,16
212,33
212,69
212,106
212,108
213,35
213,39
213,60
213,91
213,99
214,70
214,71
214,72
214,79
214,104
215,31
215,58
215,62
215,74
215,104
216,88
216,90
216,92
216,94
216,101
217,11
217,16
217,33
217,58
217,63
218,9
218,22
218,105
218,116
218,125
219,1
219,76
219,78
219,98
219,118
220,4
220,5
220,21
220,32
220,122
221,11
221,33
221,56
221,78
221,111
222,12
222,52
222,65
222,75
222,116
223,37
223,45
223,84
223,89
223,97
224,5
224,32
224,46
224,86
224,96
225,63
225,77
225,88
225,101
225,103
226,10
226,12
226,19
226,26
226,30
227,10
227,12
227,19
227,53
227,101
228,23
228,38
228,51
228,100
228,124
229,2
229,36
229,76
229,102
229,118
230,11
230,56
230,78
230,89
230,111
231,6
231,40
231,73
231,117
231,119
232,49
232,61
232,68
232,76
232,99
233,21
233,32
233,66
233,86
233,122
234,1
234,43
234,46
234,86
234,122
235,15
235,29
235,40
235,55
235,73
236,50
236,61
236,80
236,87
236,121
237,51
237,52
237,92
237,95
237,122
238,21
238,85
238,95
238,122
238,123
239,23
239,26
239,84
239,114
239,117
240,7
240,14
240,50
240,61
240,121
241,7
241,22
241,61
241,87
241,115
242,35
242,45
242,84
242,89
242,114
243,12
243,18
243,52
243,75
243,109
244,26
244,37
244,81
244,88
244,114
245,9
245,18
245,23
245,100
245,124
246,14
246,35
246,39
246,47
246,99
247,11
247,33
247,60
247,106
247,111
248,17
248,42
248,54
248,70
248,102
249,1
249,2
249,76
249,98
249,118
250,13
250,29
250,55
250,64
250,98
251,55
251,64
251,98
251,107
251,113
252,2
252,10
252,27
252,45
252,54
253,35
253,39
253,79
253,80
253,99
254,7
254,14
254,47
254,108
254,121
255,12
255,17
255,19
255,39
255,119
256,5
256,17
256,41
256,46
256,86
257,9
257,25
257,92
257,95
257,116
258,18
258,20
258,30
258,36
258,52
259,23
259,38
259,51
259,97
259,100
260,23
260,26
260,81
260,84
260,120
261,21
261,28
261,66
261,96
261,103
262,9
262,25
262,43
262,110
262,116
263,77
263,85
263,92
263,95
263,122
264,10
264,12
264,26
264,30
264,101
265,22
265,25
265,58
265,70
265,115
266,10
266,33
266,53
266,101
266,106
267,4
267,32
267,96
267,103
267,122
268,16
268,29
268,33
268,69
268,106
269,15
269,29
269,40
269,55
269,110
270,13
270,34
270,43
270,64
270,98
271,19
271,26
271,30
271,54
271,88
272,24
272,48
272,68
272,83
272,119
273,6
273,40
273,73
273,82
273,119
274,35
274,58
274,62
274,79
274,83
275,12
275,20
275,30
275,75
275,101
276,2
276,42
276,54
276,98
276,102
277,37
277,63
277,81
277,88
277,120
278,12
278,31
278,39
278,75
278,125
279,5
279,8
279,91
279,117
279,119
280,9
280,57
280,110
280,123
280,125
281,22
281,50
281,87
281,115
281,121
282,22
282,47
282,63
282,92
282,95
283,41
283,56
283,105
283,116
283,125
284,52
284,93
284,95
284,123
284,125
285,5
285,21
285,32
285,46
285,96
286,23
286,38
286,84
286,97
286,100
287,23
287,35
287,84
287,99
287,114
288,63
288,81
288,85
288,101
288,103
289,12
289,28
289,51
289,66
289,103
290,4
290,39
290,69
290,108
290,122
291,18
291,51
291,52
291,57
291,95
292,6
292,69
292,93
292,106
292,125
293,31
293,48
293,58
293,74
293,104
294,20
294,25
294,36
294,70
294,76
295,56
295,64
295,107
295,113
295,125
296,8
296,21
296,32
296,46
296,96
297,31
297,48
297,58
297,62
297,75
298,10
298,19
298,28
298,53
298,101
299,5
299,46
299,86
299,95
299,122
300,61
300,79
300,87
300,115
300,121
301,23
301,26
301,38
301,84
301,120
302,50
302,61
302,76
302,87
302,99
303,27
303,59
303,64
303,67
303,107
304,35
304,80
304,84
304,97
304,99
305,21
305,32
305,46
305,66
305,96
306,20
306,22
306,42
306,56
306,78
307,11
307,56
307,60
307,89
307,111
308,58
308,70
308,72
308,74
308,104
309,63
309,77
309,81
309,85
309,92
310,12
310,19
310,28
310,51
310,66
311,5
311,21
311,46
311,86
311,122
312,17
312,42
312,74
312,94
312,102
313,63
313,72
313,77
313,85
313,104
314,8
314,37
314,60
314,84
314,89
315,10
315,33
315,60
315,62
315,106
316,33
316,37
316,60
316,89
316,108
317,12
317,19
317,30
317,53
317,103
318,2
318,42
318,59
318,67
318,98
319,52
319,57
319,95
319,109
319,123
320,3
320,58
320,71
320,72
320,83
321,10
321,53
321,103
321,106
321,111
322,12
322,30
322,42
322,53
322,94
323,59
323,64
323,67
323,107
323,118
324,41
324,48
324,49
324,68
324,75
325,4
325,10
325,39
325,96
325,111
326,50
326,61
326,79
326,87
326,121
327,43
327,63
327,85
327,92
327,120
328,81
328,90
328,93
328,101
328,112
329,37
329,58
329,63
329,72
329,81
330,49
330,61
330,65
330,68
330,79
331,50
331,61
331,87
331,115
331,121
332,7
332,17
332,70
332,79
332,115
333,18
333,57
333,105
333,109
333,123
334,3
334,6
334,24
334,83
334,119
335,8
335,35
335,91
335,115
335,117
336,12
336,30
336,41
336,75
336,102
337,7
337,72
337,77
337,80
337,81
338,16
338,56
338,69
338,82
338,105
339,17
339,31
339,39
339,65
339,75
340,9
340,24
340,40
340,110
340,124
341,28
341,66
341,77
341,96
341,97
342,39
342,58
342,63
342,116
342,122
343,25
343,44
343,70
343,74
343,104
344,7
344,22
344,47
344,53
344,87
345,7
345,61
345,79
345,80
345,121
346,12
346,30
346,38
346,51
346,100
347,63
347,72
347,77
347,85
347,92
348,23
348,34
348,51
348,81
348,120
349,19
349,28
349,66
349,96
349,103
350,5
350,21
350,32
350,46
350,96
351,7
351,14
351,47
351,61
351,121
352,41
352,45
352,48
352,54
352,102
353,5
353,31
353,32
353,39
353,48
354,26
354,37
354,81
354,88
354,120
355,1
355,2
355,27
355,59
355,67
356,22
356,47
356,63
356,94
356,101
357,31
357,45
357,65
357,97
357,120
358,35
358,37
358,84
358,97
358,114
359,13
359,29
359,90
359,107
359,113
360,9
360,13
360,64
360,98
360,100
361,9
361,25
361,29
361,55
361,110
362,35
362,49
362,76
362,79
362,87
363,61
363,77
363,79
363,80
363,115
364,17
364,70
364,71
364,74
364,104
365,7
365,14
365,47
365,87
365,121
366,37
366,60
366,84
366,89
366,114
367,3
367,24
367,40
367,75
367,83
368,28
368,55
368,87
368,110
368,125
369,19
369,20
369,26
369,30
369,88
370,62
370,65
370,70
370,75
370,115
371,70
371,72
371,77
371,79
371,115
372,23
372,38
372,51
372,100
372,124
373,59
373,64
373,67
373,107
373,113
374,15
374,29
374,40
374,55
374,110
375,24
375,40
375,73
375,110
375,119
376,11
376,37
376,63
376,90
376,101
377,22
377,39
377,61
377,66
377,87
378,10
378,53
378,93
378,106
378,111
379,20
379,22
379,77
379,85
379,95
380,8
380,40
380,55
380,73
380,82
381,27
381,45
381,76
381,102
381,118
382,9
382,105
382,110
382,124
382,125
383,11
383,33
383,60
383,89
383,106
384,12
384,19
384,26
384,30
384,88
385,12
385,19
385,26
385,30
385,88
386,7
386,50
386,61
386,87
386,121
387,24
387,40
387,55
387,82
387,110
388,27
388,56
388,78
388,89
388,99
389,14
389,16
389,47
389,99
389,108
390,3
390,58
390,72
390,81
390,120
391,53
391,93
391,94
391,101
391,103
392,17
392,31
392,71
392,79
392,83
393,35
393,79
393,80
393,84
393,99
394,31
394,41
394,48
394,68
394,105
395,5
395,19
395,28
395,41
395,96
396,56
396,78
396,89
396,105
396,111
397,15
397,40
397,73
397,82
397,112
398,13
398,63
398,72
398,77
398,85
399,13
399,28
399,81
399,88
399,90
400,15
400,55
400,73
400,82
400,112
401,27
401,42
401,56
401,59
401,78
402,11
402,33
402,56
402,105
402,111
403,18
403,52
403,57
403,109
403,123
404,8
404,15
404,40
404,117
404,119
405,11
405,16
405,33
405,37
405,69
406,66
406,87
406,115
406,123
406,125
407,85
407,94
407,95
407,101
407,103
408,5
408,32
408,46
408,86
408,96
409,3
409,31
409,62
409,69
409,105
410,27
410,56
410,78
410,89
410,105
411,1
411,43
411,44
411,78
411,116
412,3
412,31
412,71
412,83
412,91
413,3
413,31
413,41
413,65
413,75
414,22
414,72
414,77
414,92
414,104
415,7
415,22
415,42
415,47
415,53
416,26
416,45
416,54
416,98
416,118
417,6
417,24
417,25
417,93
417,110
418,12
418,19
418,26
418,30
418,88
419,7
419,22
419,47
419,70
419,72
420,5
420,21
420,32
420,46
420,86
421,49
421,50
421,57
421,61
421,87
422,9
422,51
422,57
422,81
422,124
423,9
423,51
423,95
423,116
423,123
424,3
424,71
424,79
424,83
424,115
425,1
425,13
425,20
425,44
425,90
426,8
426,28
426,103
426,114
426,117
427,2
427,20
427,54
427,70
427,74
428,15
428,29
428,82
428,93
428,110
429,85
429,92
429,95
429,112
429,122
430,10
430,42
430,53
430,66
430,111
431,10
431,53
431,94
431,101
431,103
432,27
432,59
432,78
432,99
432,118
433,9
433,29
433,43
433,92
433,112
434,20
434,36
434,52
434,66
434,95
435,5
435,21
435,86
435,96
435,122
436,34
436,72
436,77
436,81
436,120
437,12
437,26
437,30
437,45
437,91
438,2
438,41
438,54
438,74
438,102
439,13
439,34
439,43
439,90
439,112
440,1
440,22
440,25
440,78
440,116
441,9
441,36
441,51
441,57
441,124
442,63
442,70
442,72
442,77
442,101
443,16
443,33
443,69
443,105
443,106
444,44
444,70
444,94
444,101
444,104
445,18
445,52
445,57
445,109
445,124
446,14
446,84
446,99
446,108
446,114
447,27
447,59
447,67
447,86
447,113
448,7
448,61
448,79
448,87
448,121
449,6
449,8
449,40
449,117
449,119
450,52
450,95
450,116
450,122
450,123
451,4
451,11
451,60
451,89
451,111
452,42
452,54
452,56
452,98
452,113
453,9
453,41
453,100
453,123
453,125
454,18
454,36
454,52
454,57
454,75
455,44
455,52
455,92
455,95
455,116
456,63
456,85
456,92
456,95
456,112
457,1
457,2
457,36
457,67
457,102
458,6
458,28
458,40
458,93
458,119
459,15
459,29
459,40
459,82
459,110
460,11
460,14
460,16
460,47
460,108
461,2
461,42
461,54
461,107
461,113
462,51
462,97
462,100
462,114
462,124
463,19
463,28
463,81
463,88
463,103
464,5
464,21
464,46
464,86
464,122
465,9
465,18
465,23
465,100
465,124
466,13
466,43
466,72
466,104
466,112
467,13
467,34
467,45
467,84
467,97
468,1
468,76
468,97
468,99
468,118
469,5
469,32
469,46
469,86
469,96
470,4
470,14
470,16
470,69
470,108
471,12
471,39
471,49
471,75
471,115
472,35
472,41
472,68
472,76
472,97
473,6
473,17
473,24
473,83
473,119
474,20
474,25
474,88
474,92
474,94
475,44
475,65
475,74
475,104
475,120
476,3
476,17
476,31
476,75
476,83
477,6
477,42
477,93
477,94
477,113
478,26
478,30
478,54
478,98
478,118
479,7
479,22
479,47
479,77
479,88
480,49
480,50
480,61
480,79
480,87
481,56
481,76
481,78
481,105
481,118
482,17
482,31
482,91
482,117
482,119
483,15
483,29
483,55
483,82
483,110
484,59
484,64
484,67
484,98
484,118
485,70
485,72
485,74
485,77
485,104
486,28
486,39
486,66
486,96
486,121
487,43
487,72
487,90
487,92
487,112
488,5
488,21
488,32
488,86
488,96
489,1
489,20
489,22
489,25
489,44
490,14
490,39
490,47
490,66
490,96
491,13
491,77
491,80
491,99
491,114
492,43
492,63
492,72
492,85
492,92
493,5
493,32
493,39
493,86
493,96
494,5
494,8
494,32
494,46
494,117
495,21
495,46
495,93
495,103
495,122
496,3
496,6
496,17
496,24
496,75
497,3
497,31
497,58
497,62
497,83
498,43
498,44
498,85
498,92
498,112
499,25
499,36
499,49
499,68
499,76
500,3
500,55
500,69
500,73
500,112
501,9
501,18
501,51
501,57
501,124
502,8
502,35
502,38
502,96
502,97
503,36
503,41
503,48
503,102
503,105
504,9
504,18
504,100
504,123
504,124
505,10
505,12
505,53
505,62
505,102
506,28
506,55
506,96
506,115
506,125
507,3
507,31
507,65
507,75
507,91
508,23
508,26
508,34
508,84
508,114
509,17
509,41
509,48
509,74
509,102
510,63
510,77
510,85
510,92
510,95
511,31
511,48
511,62
511,65
511,68
512,39
512,49
512,61
512,79
512,80
513,20
513,51
513,52
513,66
513,95
514,13
514,43
514,58
514,72
514,104
515,14
515,47
515,106
515,108
515,111
516,17
516,35
516,39
516,79
516,96
517,20
517,44
517,92
517,94
517,95
518,15
518,29
518,40
518,82
518,114
519,42
519,54
519,98
519,107
519,113
520,26
520,37
520,81
520,84
520,88
521,27
521,59
521,67
521,107
521,118
522,20
522,36
522,42
522,56
522,125
523,5
523,8
523,32
523,41
523,46
524,23
524,26
524,80
524,84
524,114
525,14
525,16
525,47
525,106
525,108
526,65
526,72
526,81
526,115
526,120
527,18
527,20
527,51
527,52
527,100
528,17
528,31
528,65
528,71
528,83
529,1
529,2
529,20
529,90
529,94
530,2
530,10
530,42
530,54
530,94
531,14
531,50
531,61
531,87
531,121
532,77
532,80
532,81
532,97
532,120
533,8
533,38
533,80
533,91
533,117
534,64
534,98
534,107
534,113
534,118
535,66
535,109
535,122
535,123
535,125
536,52
536,109
536,122
536,123
536,125
537,24
537,25
537,40
537,55
537,64
538,37
538,51
538,63
538,103
538,114
539,26
539,37
539,81
539,88
539,114
540,13
540,28
540,51
540,77
540,97
541,2
541,27
541,59
541,67
541,107
542,4
542,11
542,33
542,58
542,63
543,45
543,48
543,65
543,68
543,76
544,10
544,53
544,93
544,106
544,125
545,8
545,24
545,115
545,123
545,125
546,35
546,80
546,84
546,97
546,115
547,4
547,10
547,32
547,103
547,111
548,18
548,52
548,57
548,109
548,125
549,7
549,26
549,30
549,53
549,80
550,31
550,48
550,65
550,68
550,75
551,18
551,36
551,57
551,100
551,124
552,23
552,38
552,84
552,91
552,120
553,18
553,36
553,57
553,100
553,124
554,65
554,81
554,84
554,91
554,120
555,23
555,34
555,84
555,114
555,117
556,31
556,65
556,80
556,91
556,120
557,51
557,92
557,95
557,112
557,122
558,6
558,12
558,19
558,53
558,93
559,14
559,16
559,29
559,55
559,103
560,16
560,29
560,69
560,82
560,106
561,20
561,36
561,42
561,76
561,98
562,7
562,22
562,42
562,53
562,98
563,33
563,69
563,105
563,106
563,109
564,3
564,4
564,33
564,58
564,83
565,10
565,17
565,42
565,54
565,102
566,51
566,52
566,92
566,95
566,122
567,1
567,2
567,13
567,27
567,67
568,15
568,29
568,55
568,73
568,110
569,11
569,16
569,33
569,106
569,108
570,24
570,36
570,102
570,105
570,116
571,14
571,22
571,47
571,87
571,121
572,19
572,26
572,30
572,88
572,93
573,34
573,37
573,51
573,116
573,120
574,10
574,53
574,101
574,103
574,111
575,16
575,29
575,55
575,73
575,112
576,12
576,19
576,30
576,53
576,103
577,17
577,48
577,62
577,68
577,79
578,44
578,90
578,92
578,94
578,101
579,3
579,75
579,83
579,115
579,119
580,16
580,33
580,60
580,69
580,106
581,9
581,28
581,87
581,93
581,115
582,6
582,46
582,73
582,82
582,119
583,20
583,22
583,47
583,61
583,99
584,11
584,27
584,37
584,89
584,90
585,76
585,97
585,98
585,99
585,118
586,12
586,30
586,52
586,93
586,94
587,35
587,45
587,64
587,76
587,118
588,55
588,87
588,96
588,119
588,121
589,26
589,30
589,45
589,81
589,120
590,16
590,29
590,69
590,82
590,106
591,6
591,19
591,28
591,53
591,93
592,8
592,28
592,37
592,103
592,114
593,34
593,45
593,84
593,97
593,120
594,12
594,17
594,31
594,75
594,91
595,22
595,49
595,50
595,61
595,87
596,14
596,16
596,47
596,106
596,108
597,49
597,50
597,61
597,87
597,115
598,3
598,40
598,57
598,83
598,124
599,77
599,85
599,92
599,95
599,120
600,1
600,13
600,34
600,43
600,64
601,46
601,64
601,86
601,113
601,125
602,11
602,33
602,106
602,108
602,111
603,54
603,76
603,102
603,107
603,118
604,49
604,50
604,57
604,87
604,123
605,3
605,31
605,65
605,71
605,83
606,5
606,38
606,41
606,65
606,91
607,40
607,71
607,79
607,83
607,119
608,1
608,28
608,77
608,85
608,95
609,2
609,42
609,54
609,94
609,102
610,29
610,55
610,87
610,110
610,115
611,77
611,80
611,81
611,88
611,120
612,7
612,28
612,77
612,96
612,103
613,9
613,43
613,64
613,100
613,110
614,88
614,90
614,92
614,94
614,101
615,52
615,92
615,93
615,95
615,116
616,63
616,72
616,85
616,90
616,104
617,4
617,32
617,39
617,46
617,96
618,36
618,49
618,56
618,76
618,78
619,31
619,48
619,65
619,68
619,71
620,3
620,8
620,83
620,117
620,123
621,3
621,31
621,71
621,83
621,91
622,19
622,26
622,30
622,88
622,101
623,18
623,24
623,93
623,123
623,125
624,63
624,72
624,77
624,85
624,92
625,11
625,47
625,63
625,78
625,108
626,35
626,61
626,62
626,68
626,79
627,27
627,59
627,67
627,107
627,118
628,19
628,28
628,41
628,66
628,116
629,4
629,37
629,60
629,89
629,91
630,5
630,38
630,66
630,86
630,96
631,15
631,29
631,40
631,55
631,110
632,8
632,35
632,38
632,91
632,117
633,36
633,51
633,52
633,95
633,100
634,3
634,43
634,58
634,73
634,112
635,41
635,48
635,49
635,68
635,75
636,5
636,21
636,32
636,46
636,119
637,18
637,36
637,52
637,57
637,75
638,9
638,51
638,100
638,115
638,124
639,5
639,21
639,32
639,46
639,86
640,35
640,70
640,79
640,80
640,115
641,4
641,8
641,39
641,63
641,91
642,20
642,36
642,44
642,52
642,116
643,63
643,81
643,88
643,90
643,112
644,15
644,40
644,115
644,117
644,119
645,11
645,33
645,60
645,89
645,111
646,15
646,29
646,40
646,55
646,110
647,7
647,61
647,70
647,79
647,121
648,56
648,78
648,105
648,111
648,125
649,8
649,23
649,38
649,100
649,117
650,22
650,25
650,70
650,72
650,101
651,25
651,36
651,44
651,65
651,116
652,4
652,35
652,39
652,103
652,119
653,9
653,25
653,36
653,95
653,116
654,11
654,33
654,47
654,63
654,101
655,8
655,23
655,37
655,84
655,114
656,19
656,26
656,30
656,88
656,94
657,44
657,85
657,92
657,95
657,116
658,8
658,38
658,91
658,117
658,120
659,39
659,66
659,77
659,80
659,96
660,8
660,37
660,60
660,89
660,114
661,10
661,42
661,54
661,102
661,113
662,31
662,48
662,65
662,71
662,91
663,6
663,12
663,19
663,28
663,93
664,5
664,17
664,39
664,46
664,86
665,17
665,35
665,70
665,79
665,80
666,3
666,31
666,65
666,71
666,83
667,15
667,29
667,40
667,82
667,110
668,11
668,37
668,60
668,89
668,114
669,13
669,64
669,90
669,98
669,113
670,18
670,20
670,25
670,36
670,52
671,15
671,16
671,29
671,73
671,112
672,14
672,29
672,55
672,87
672,121
673,15
673,29
673,40
673,55
673,82
674,61
674,65
674,75
674,80
674,115
675,9
675,18
675,57
675,123
675,124
676,8
676,46
676,82
676,86
676,96
677,22
677,35
677,70
677,79
677,115
678,28
678,42
678,64
678,97
678,98
679,7
679,14
679,22
679,47
679,121
680,15
680,40
680,110
680,123
680,124
681,10
681,12
681,19
681,53
681,101
682,10
682,33
682,53
682,106
682,111
683,10
683,101
683,103
683,106
683,111
684,37
684,80
684,84
684,99
684,114
685,5
685,6
685,32
685,46
685,119
686,27
686,59
686,67
686,107
686,118
687,19
687,30
687,53
687,93
687,94
688,44
688,85
688,92
688,95
688,116
689,90
689,92
689,93
689,94
689,101
690,11
690,63
690,78
690,90
690,111
691,32
691,66
691,86
691,96
691,122
692,15
692,29
692,55
692,73
692,110
693,13
693,43
693,82
693,90
693,113
694,5
694,21
694,85
694,86
694,122
695,9
695,15
695,40
695,110
695,124
696,10
696,42
696,53
696,93
696,94
697,35
697,76
697,80
697,97
697,99
698,8
698,46
698,82
698,119
698,123
699,19
699,20
699,26
699,88
699,120
700,25
700,36
700,49
700,57
700,68
701,1
701,13
701,25
701,43
701,104
702,14
702,22
702,47
702,106
702,108
703,3
703,8
703,31
703,58
703,91
704,2
704,54
704,59
704,102
704,107
705,29
705,40
705,55
705,73
705,82
706,15
706,24
706,29
706,93
706,110
707,23
707,38
707,51
707,100
707,124
708,25
708,44
708,65
708,74
708,116
709,35
709,84
709,97
709,99
709,114
710,16
710,33
710,60
710,69
710,89
711,6
711,15
711,24
711,53
711,93
712,3
712,58
712,73
712,83
712,112
713,4
713,39
713,66
713,122
713,125
714,23
714,26
714,38
714,81
714,117
715,7
715,12
715,53
715,87
715,115
716,2
716,59
716,67
716,107
716,113
717,2
717,59
717,67
717,98
717,118
718,43
718,72
718,85
718,92
718,112
719,4
719,60
719,69
719,105
719,111
720,7
720,70
720,72
720,77
720,104
721,18
721,69
721,105
721,109
721,124
722,16
722,60
722,69
722,82
722,106
723,7
723,14
723,47
723,61
723,108
724,10
724,19
724,53
724,101
724,103
725,8
725,81
725,91
725,117
725,120
726,5
726,41
726,86
726,122
726,123
727,34
727,77
727,81
727,88
727,120
728,22
728,51
728,78
728,95
728,122
729,21
729,29
729,55
729,73
729,112
730,19
730,26
730,28
730,30
730,88
731,24
731,40
731,55
731,87
731,115
732,13
732,34
732,45
732,88
732,120
733,37
733,60
733,69
733,89
733,106
734,20
734,26
734,88
734,97
734,101
735,4
735,8
735,21
735,32
735,82
736,20
736,22
736,42
736,76
736,98
737,17
737,26
737,30
737,54
737,102
738,15
738,29
738,40
738,55
738,73
739,35
739,80
739,91
739,115
739,117
740,9
740,24
740,57
740,110
740,124
741,7
741,14
741,79
741,80
741,121
742,35
742,79
742,80
742,99
742,121
743,15
743,29
743,55
743,73
743,110
744,27
744,41
744,48
744,59
744,64
745,23
745,34
745,45
745,84
745,114
746,13
746,15
746,29
746,55
746,64
747,3
747,62
747,69
747,83
747,105
748,33
748,60
748,62
748,89
748,105
749,17
749,31
749,48
749,68
749,71
750,6
750,24
750,33
750,82
750,113
751,4
751,16
751,33
751,60
751,108
752,5
752,19
752,39
752,41
752,91
753,37
753,60
753,84
753,89
753,114
754,1
754,27
754,74
754,78
754,99
755,15
755,55
755,73
755,82
755,119
756,4
756,5
756,21
756,32
756,46
757,10
757,12
757,30
757,62
757,101
758,2
758,27
758,59
758,67
758,118
759,18
759,69
759,105
759,109
759,111
760,34
760,45
760,97
760,117
760,120
761,29
761,40
761,55
761,82
761,110
762,25
762,42
762,44
762,74
762,102
763,16
763,29
763,69
763,82
763,106
764,11
764,33
764,37
764,58
764,60
765,7
765,20
765,42
765,53
765,94
766,7
766,22
766,61
766,99
766,121
767,1
767,25
767,70
767,90
767,94
768,7
768,61
768,79
768,87
768,121
769,58
769,63
769,85
769,92
769,112
770,19
770,70
770,77
770,81
770,101
771,1
771,13
771,77
771,78
771,99
772,44
772,58
772,74
772,104
772,116
773,25
773,44
773,74
773,104
773,116
774,25
774,43
774,44
774,92
774,116
775,7
775,72
775,77
775,85
775,104
776,15
776,29
776,55
776,93
776,110
777,22
777,43
777,72
777,77
777,85
778,18
778,36
778,57
778,100
778,109
779,44
779,58
779,74
779,116
779,122
780,12
780,20
780,30
780,36
780,52
781,8
781,35
781,83
781,91
781,117
782,6
782,64
782,90
782,107
782,113
783,9
783,13
783,24
783,25
783,43
784,43
784,63
784,77
784,85
784,92
785,49
785,68
785,75
785,109
785,123
786,1
786,13
786,28
786,43
786,90
787,9
787,25
787,43
787,92
787,112
788,49
788,79
788,83
788,115
788,119
789,56
789,62
789,78
789,89
789,99
790,19
790,53
790,93
790,94
790,101
791,23
791,34
791,38
791,84
791,100
792,16
792,33
792,60
792,69
792,106
793,1
793,27
793,43
793,44
793,78
794,38
794,49
794,50
794,57
794,109
795,63
795,90
795,93
795,103
795,112
796,16
796,29
796,55
796,69
796,82
797,9
797,13
797,25
797,43
797,116
798,58
798,62
798,70
798,74
798,104
799,12
799,42
799,53
799,93
799,94
800,17
800,31
800,58
800,70
800,74
801,56
801,62
801,78
801,105
801,109
802,10
802,56
802,103
802,106
802,111
803,10
803,11
803,90
803,101
803,111
804,27
804,45
804,54
804,90
804,102
805,3
805,62
805,69
805,105
805,109
806,10
806,90
806,94
806,101
806,103
807,23
807,51
807,84
807,97
807,114
808,17
808,35
808,74
808,76
808,80
809,13
809,43
809,85
809,90
809,112
810,17
810,31
810,65
810,70
810,71
811,12
811,30
811,75
811,80
811,115
812,25
812,36
812,44
812,76
812,116
813,38
813,51
813,100
813,109
813,123
814,35
814,45
814,80
814,84
814,91
815,59
815,64
815,67
815,107
815,113
816,6
816,25
816,55
816,70
816,73
817,2
817,20
817,42
817,98
817,118
818,16
818,29
818,73
818,108
818,112
819,15
819,29
819,40
819,114
819,117
820,23
820,34
820,37
820,84
820,120
821,11
821,58
821,63
821,78
821,92
822,72
822,81
822,91
822,117
822,120
823,26
823,37
823,45
823,81
823,88
824,4
824,32
824,103
824,106
824,111
825,18
825,57
825,109
825,123
825,124
826,5
826,21
826,46
826,86
826,96
827,21
827,51
827,78
827,116
827,122
828,38
828,50
828,52
828,75
828,100
829,1
829,2
829,27
829,64
829,86
830,7
830,14
830,50
830,87
830,121
831,41
831,48
831,62
831,76
831,102
832,22
832,72
832,77
832,112
832,115
833,34
833,37
833,72
833,81
833,120
834,14
834,33
834,47
834,62
834,108
835,19
835,28
835,53
835,88
835,93
836,35
836,45
836,80
836,97
836,99
837,11
837,33
837,58
837,63
837,101
838,63
838,77
838,81
838,85
838,112
839,23
839,34
839,38
839,45
839,97
840,34
840,45
840,81
840,97
840,120
841,23
841,80
841,84
841,97
841,114
842,49
842,61
842,68
842,79
842,87
843,23
843,34
843,45
843,84
843,97
844,4
844,39
844,66
844,96
844,103
845,40
845,55
845,73
845,82
845,119
846,6
846,28
846,46
846,93
846,125
847,27
847,59
847,67
847,99
847,118
848,17
848,71
848,91
848,117
848,119
849,10
849,35
849,39
849,56
849,96
850,7
850,53
850,79
850,80
850,121
851,63
851,77
851,85
851,92
851,112
852,52
852,93
852,109
852,123
852,125
853,63
853,72
853,85
853,92
853,112
854,5
854,32
854,39
854,46
854,86
855,35
855,80
855,84
855,99
855,114
856,18
856,57
856,109
856,123
856,124
857,4
857,11
857,60
857,89
857,111
858,25
858,36
858,62
858,75
858,76
859,5
859,28
859,66
859,86
859,96
860,64
860,67
860,98
860,107
860,118
861,27
861,59
861,67
861,107
861,113
862,52
862,93
862,110
862,123
862,125
863,22
863,50
863,56
863,78
863,105
864,5
864,77
864,81
864,117
864,120
865,18
865,51
865,52
865,93
865,109
866,11
866,37
866,60
866,89
866,106
867,17
867,41
867,48
867,68
867,74
868,43
868,44
868,85
868,92
868,95
869,9
869,18
869,50
869,57
869,124
870,15
870,40
870,55
870,82
870,110
871,9
871,13
871,34
871,43
871,120
872,24
872,100
872,105
872,124
872,125
873,2
873,20
873,36
873,42
873,102
874,4
874,32
874,39
874,96
874,103
875,72
875,77
875,81
875,104
875,120
876,48
876,49
876,65
876,68
876,75
877,6
877,54
877,90
877,93
877,113
878,26
878,30
878,37
878,88
878,101
879,2
879,54
879,67
879,98
879,118
880,14
880,50
880,79
880,87
880,121
881,6
881,25
881,90
881,93
881,94
882,7
882,61
882,77
882,80
882,115
883,14
883,16
883,22
883,47
883,108
884,9
884,24
884,75
884,100
884,115
885,4
885,21
885,63
885,103
885,122
886,6
886,15
886,93
886,110
886,113
887,7
887,47
887,53
887,70
887,94
888,19
888,70
888,74
888,75
888,101
889,15
889,29
889,55
889,73
889,110
890,12
890,19
890,26
890,30
890,75
891,9
891,50
891,57
891,87
891,124
892,33
892,56
892,89
892,106
892,111
893,23
893,51
893,100
893,114
893,115
894,13
894,37
894,72
894,81
894,120
895,8
895,73
895,91
895,117
895,119
896,23
896,35
896,80
896,84
896,114
897,8
897,40
897,69
897,73
897,82
898,26
898,54
898,88
898,90
898,94
899,12
899,18
899,30
899,109
899,125
900,3
900,57
900,65
900,68
900,75
901,16
901,18
901,69
901,105
901,109
902,21
902,32
902,96
902,103
902,122
903,10
903,53
903,90
903,94
903,101
904,19
904,28
904,52
904,66
904,93
905,35
905,71
905,79
905,91
905,117
906,5
906,46
906,86
906,96
906,123
907,6
907,15
907,24
907,93
907,110
908,7
908,22
908,42
908,53
908,94
909,35
909,49
909,61
909,79
909,119
910,11
910,58
910,63
910,78
910,122
911,28
911,35
911,96
911,97
911,114
912,28
912,64
912,93
912,98
912,113
913,11
913,56
913,60
913,108
913,111
914,22
914,78
914,95
914,112
914,122
915,6
915,24
915,40
915,73
915,119
916,11
916,16
916,33
916,60
916,108
917,33
917,56
917,60
917,69
917,89
918,47
918,58
918,70
918,72
918,104
919,11
919,33
919,106
919,108
919,111
920,7
920,39
920,66
920,96
920,121
921,10
921,59
921,64
921,107
921,113
922,12
922,19
922,52
922,66
922,93
923,42
923,54
923,102
923,107
923,113
924,44
924,70
924,74
924,104
924,116
925,11
925,16
925,37
925,63
925,81
926,12
926,33
926,62
926,101
926,109
927,49
927,51
927,78
927,97
927,99
928,12
928,24
928,41
928,75
928,102
929,42
929,54
929,98
929,102
929,113
930,11
930,37
930,63
930,81
930,101
931,7
931,14
931,22
931,47
931,121
932,36
932,41
932,76
932,97
932,118
933,37
933,45
933,89
933,99
933,114
934,1
934,2
934,27
934,59
934,67
935,16
935,33
935,58
935,69
935,89
936,28
936,66
936,77
936,95
936,103
937,13
937,34
937,45
937,81
937,120
938,4
938,32
938,60
938,103
938,106
939,3
939,48
939,65
939,68
939,71
940,38
940,51
940,52
940,95
940,100
941,6
941,17
941,24
941,83
941,119
942,12
942,52
942,53
942,93
942,125
943,15
943,40
943,73
943,81
943,117
944,41
944,59
944,64
944,67
944,118
945,12
945,19
945,26
945,30
945,88
946,5
946,21
946,32
946,46
946,86
947,10
947,53
947,103
947,106
947,111
948,21
948,32
948,46
948,96
948,103
949,2
949,54
949,64
949,98
949,118
950,13
950,34
950,45
950,81
950,120
951,1
951,25
951,70
951,74
951,104
952,10
952,33
952,47
952,62
952,101
953,20
953,25
953,36
953,44
953,116
954,6
954,24
954,93
954,110
954,125
955,9
955,24
955,93
955,110
955,125
956,4
956,56
956,105
956,111
956,122
957,8
957,37
957,45
957,114
957,117
958,20
958,44
958,92
958,94
958,116
959,3
959,58
959,65
959,71
959,104
960,25
960,44
960,57
960,75
960,116
961,12
961,28
961,38
961,66
961,123
962,3
962,40
962,71
962,73
962,83
963,14
963,22
963,47
963,99
963,108
964,3
964,49
964,75
964,109
964,123
965,6
965,15
965,29
965,53
965,93
966,52
966,66
966,105
966,116
966,125
967,4
967,32
967,86
967,111
967,122
968,14
968,22
968,35
968,99
968,114
969,8
969,15
969,82
969,114
969,117
970,7
970,14
970,61
970,79
970,121
971,47
971,58
971,62
971,78
971,99
972,11
972,33
972,56
972,105
972,111
973,13
973,27
973,34
973,45
973,97
974,36
974,42
974,52
974,87
974,125
975,10
975,37
975,88
975,101
975,114
976,3
976,65
976,71
976,72
976,104
977,22
977,47
977,70
977,74
977,101
978,12
978,24
978,52
978,75
978,93
979,31
979,49
979,65
979,68
979,75
980,6
980,42
980,54
980,94
980,113
981,11
981,16
981,47
981,63
981,108
982,6
982,28
982,46
982,53
982,93
983,67
983,76
983,98
983,99
983,118
984,15
984,29
984,40
984,55
984,82
985,50
985,55
985,61
985,87
985,121
986,2
986,10
986,42
986,98
986,118
987,23
987,65
987,84
987,91
987,117
988,35
988,79
988,80
988,115
988,117
989,7
989,14
989,61
989,87
989,121
990,36
990,41
990,64
990,76
990,98
991,23
991,84
991,89
991,97
991,114
992,6
992,12
992,19
992,53
992,66
993,63
993,90
993,92
993,101
993,112
994,17
994,58
994,62
994,71
994,74
995,35
995,50
995,79
995,80
995,121
996,4
996,8
996,31
996,60
996,91
997,10
997,11
997,33
997,78
997,111
998,63
998,77
998,85
998,88
998,101
999,13
999,43
999,72
999,73
999,112
1000,17
1000,68
1000,76
1000,79
1000,99
1001,24
1001,39
1001,41
1001,48
1001,75
1002,31
1002,57
1002,65
1002,68
1002,75
1003,20
1003,49
1003,50
1003,61
1003,87
1004,10
1004,26
1004,30
1004,53
1004,88
1005,28
1005,52
1005,100
1005,123
1005,125
1006,23
1006,26
1006,38
1006,84
1006,100
1007,4
1007,14
1007,32
1007,39
1007,47
1008,56
1008,60
1008,69
1008,105
1008,109
1009,24
1009,52
1009,93
1009,123
1009,125
1010,8
1010,35
1010,80
1010,91
1010,117
1011,63
1011,92
1011,95
1011,112
1011,122
1012,25
1012,70
1012,72
1012,77
1012,104
1013,16
1013,29
1013,69
1013,82
1013,106
1014,36
1014,52
1014,57
1014,95
1014,116
1015,11
1015,37
1015,63
1015,101
1015,103
1016,10
1016,33
1016,53
1016,101
1016,111
1017,23
1017,38
1017,84
1017,97
1017,100
1018,53
1018,90
1018,94
1018,101
1018,103
1019,20
1019,22
1019,44
1019,94
1019,101
1020,35
1020,79
1020,80
1020,91
1020,99
1021,14
1021,56
1021,78
1021,105
1021,108
1022,7
1022,14
1022,22
1022,47
1022,108
1023,19
1023,30
1023,42
1023,53
1023,94
1024,9
1024,49
1024,115
1024,123
1024,125
1025,7
1025,14
1025,79
1025,87
1025,121
1026,45
1026,54
1026,97
1026,102
1026,118
1027,22
1027,39
1027,42
1027,56
1027,62
1028,3
1028,58
1028,72
1028,83
1028,112
1029,15
1029,24
1029,40
1029,115
1029,117
1030,7
1030,22
1030,61
1030,70
1030,77
1031,20
1031,70
1031,77
1031,88
1031,101
1032,22
1032,47
1032,53
1032,103
1032,106
1033,14
1033,22
1033,47
1033,51
1033,78
1034,12
1034,39
1034,53
1034,66
1034,75
1035,27
1035,56
1035,62
1035,89
1035,99
1036,6
1036,17
1036,42
1036,54
1036,113
1037,24
1037,46
1037,119
1037,123
1037,125
1038,13
1038,23
1038,34
1038,84
1038,114
1039,28
1039,46
1039,64
1039,82
1039,113
1040,15
1040,29
1040,55
1040,82
1040,110
1041,37
1041,63
1041,72
1041,81
1041,120
1042,2
1042,27
1042,59
1042,67
1042,107
1043,5
1043,21
1043,46
1043,86
1043,122
1044,11
1044,16
1044,33
1044,47
1044,108
1045,52
1045,86
1045,95
1045,116
1045,122
1046,72
1046,81
1046,85
1046,104
1046,120
1047,6
1047,15
1047,29
1047,73
1047,112
1048,1
1048,2
1048,27
1048,59
1048,90
1049,3
1049,9
1049,57
1049,83
1049,115
1050,4
1050,5
1050,21
1050,32
1050,86
1051,9
1051,20
1051,25
1051,36
1051,44
1052,6
1052,24
1052,73
1052,83
1052,119
1053,11
1053,16
1053,69
1053,105
1053,108
1054,35
1054,70
1054,74
1054,80
1054,91
1055,6
1055,19
1055,30
1055,53
1055,94
1056,4
1056,21
1056,32
1056,60
1056,111
1057,9
1057,64
1057,98
1057,107
1057,110
1058,21
1058,43
1058,73
1058,90
1058,112
1059,21
1059,28
1059,46
1059,66
1059,86
1060,14
1060,47
1060,99
1060,103
1060,108
1061,1
1061,20
1061,42
1061,66
1061,98
1062,21
1062,46
1062,82
1062,93
1062,125
1063,40
1063,55
1063,73
1063,83
1063,119
1064,16
1064,56
1064,69
1064,105
1064,108
1065,43
1065,85
1065,92
1065,112
1065,116
1066,27
1066,45
1066,54
1066,59
1066,118
1067,58
1067,63
1067,72
1067,104
1067,112
1068,5
1068,21
1068,32
1068,46
1068,119
1069,13
1069,23
1069,34
1069,84
1069,114
1070,4
1070,32
1070,39
1070,62
1070,69
1071,29
1071,40
1071,55
1071,73
1071,112
1072,15
1072,29
1072,40
1072,82
1072,114
1073,58
1073,65
1073,72
1073,74
1073,104
1074,7
1074,50
1074,61
1074,87
1074,121
1075,18
1075,30
1075,105
1075,106
1075,109
1076,7
1076,61
1076,77
1076,79
1076,121
1077,6
1077,46
1077,73
1077,93
1077,112
1078,19
1078,28
1078,66
1078,86
1078,103
1079,11
1079,58
1079,63
1079,101
1079,116
1080,44
1080,90
1080,92
1080,95
1080,116
1081,8
1081,10
1081,37
1081,101
1081,103
1082,43
1082,90
1082,92
1082,112
1082,116
1083,5
1083,32
1083,39
1083,46
1083,96
1084,9
1084,13
1084,34
1084,51
1084,100
1085,51
1085,66
1085,85
1085,95
1085,122
1086,12
1086,19
1086,26
1086,30
1086,53
1087,11
1087,16
1087,60
1087,108
1087,111
1088,5
1088,58
1088,74
1088,85
1088,95
1089,77
1089,79
1089,80
1089,115
1089,121
1090,2
1090,54
1090,59
1090,67
1090,107
1091,4
1091,56
1091,105
1091,122
1091,125
1092,26
1092,34
1092,45
1092,81
1092,120
1093,5
1093,21
1093,32
1093,46
1093,86
1094,45
1094,64
1094,74
1094,76
1094,102
1095,19
1095,26
1095,30
1095,53
1095,88
1096,13
1096,23
1096,34
1096,45
1096,97
1097,19
1097,53
1097,93
1097,94
1097,103
1098,4
1098,60
1098,69
1098,105
1098,109
1099,61
1099,70
1099,79
1099,99
1099,104
1100,7
1100,39
1100,53
1100,66
1100,96
1101,22
1101,42
1101,47
1101,56
1101,62
1102,15
1102,29
1102,55
1102,82
1102,110
1103,6
1103,24
1103,28
1103,93
1103,110
1104,27
1104,59
1104,67
1104,107
1104,118
1105,17
1105,19
1105,30
1105,70
1105,94
1106,16
1106,29
1106,43
1106,55
1106,112
1107,7
1107,14
1107,87
1107,99
1107,121
1108,41
1108,48
1108,76
1108,102
1108,118
1109,1
1109,2
1109,64
1109,86
1109,113
1110,3
1110,58
1110,72
1110,73
1110,112
1111,13
1111,27
1111,34
1111,43
1111,45
1112,29
1112,35
1112,99
1112,114
1112,115
1113,14
1113,22
1113,47
1113,62
1113,108
1114,18
1114,38
1114,51
1114,100
1114,124
1115,27
1115,56
1115,64
1115,111
1115,113
1116,14
1116,16
1116,56
1116,69
1116,108
1117,5
1117,46
1117,86
1117,96
1117,122
1118,15
1118,40
1118,55
1118,73
1118,82
1119,6
1119,24
1119,40
1119,73
1119,119
1120,43
1120,44
1120,85
1120,90
1120,92
1121,46
1121,55
1121,82
1121,110
1121,113
1122,19
1122,42
1122,53
1122,54
1122,94
1123,27
1123,56
1123,82
1123,107
1123,113
1124,56
1124,64
1124,98
1124,99
1124,107
1125,31
1125,65
1125,68
1125,71
1125,83
1126,65
1126,70
1126,71
1126,72
1126,104
1127,1
1127,13
1127,27
1127,43
1127,78
1128,2
1128,41
1128,54
1128,76
1128,102
1129,13
1129,34
1129,45
1129,104
1129,120
1130,7
1130,20
1130,22
1130,42
1130,94
1131,18
1131,51
1131,57
1131,109
1131,124
1132,6
1132,8
1132,24
1132,117
1132,119
1133,15
1133,29
1133,55
1133,82
1133,110
1134,1
1134,25
1134,36
1134,116
1134,125
1135,9
1135,15
1135,29
1135,40
1135,110
1136,22
1136,47
1136,51
1136,61
1136,78
1137,4
1137,16
1137,33
1137,106
1137,108
1138,1
1138,20
1138,25
1138,90
1138,94
1139,14
1139,51
1139,63
1139,77
1139,114
1140,5
1140,39
1140,66
1140,86
1140,96
1141,23
1141,35
1141,50
1141,80
1141,84
1142,26
1142,37
1142,81
1142,88
1142,120
1143,3
1143,44
1143,65
1143,75
1143,116
1144,3
1144,31
1144,48
1144,68
1144,83
1145,36
1145,95
1145,105
1145,116
1145,122
1146,3
1146,58
1146,70
1146,71
1146,74
1147,20
1147,52
1147,92
1147,95
1147,116
1148,12
1148,19
1148,91
1148,101
1148,117
1149,36
1149,49
1149,50
1149,57
1149,75
1150,11
1150,16
1150,33
1150,106
1150,111
1151,58
1151,71
1151,72
1151,74
1151,104
1152,11
1152,37
1152,58
1152,63
1152,85
1153,25
1153,43
1153,92
1153,112
1153,116
1154,43
1154,44
1154,58
1154,74
1154,104
1155,5
1155,12
1155,19
1155,31
1155,91
1156,3
1156,31
1156,33
1156,62
1156,83
1157,13
1157,34
1157,43
1157,81
1157,120
1158,11
1158,60
1158,89
1158,106
1158,111
1159,26
1159,81
1159,84
1159,91
1159,120
1160,13
1160,34
1160,81
1160,88
1160,114
1161,19
1161,20
1161,26
1161,30
1161,88
1162,59
1162,67
1162,102
1162,107
1162,118
1163,11
1163,33
1163,60
1163,89
1163,111
1164,9
1164,36
1164,50
1164,57
1164,100
1165,5
1165,21
1165,86
1165,95
1165,122
1166,51
1166,55
1166,69
1166,115
1166,122
1167,2
1167,10
1167,42
1167,54
1167,94
1168,21
1168,46
1168,96
1168,119
1168,123
1169,27
1169,45
1169,54
1169,107
1169,118
1170,38
1170,41
1170,100
1170,109
1170,123
1171,7
1171,61
1171,80
1171,99
1171,121
1172,20
1172,30
1172,52
1172,88
1172,94
1173,33
1173,56
1173,60
1173,89
1173,111
1174,8
1174,38
1174,45
1174,91
1174,117
1175,3
1175,71
1175,72
1175,73
1175,83
1176,15
1176,26
1176,81
1176,88
1176,117
1177,14
1177,22
1177,47
1177,99
1177,108
1178,2
1178,42
1178,54
1178,94
1178,113
1179,50
1179,61
1179,79
1179,80
1179,115
1180,36
1180,52
1180,66
1180,75
1180,125
1181,6
1181,30
1181,53
1181,93
1181,94
1182,5
1182,38
1182,96
1182,122
1182,123
1183,14
1183,56
1183,78
1183,89
1183,99
1184,63
1184,77
1184,85
1184,92
1184,95
1185,31
1185,48
1185,62
1185,71
1185,83
1186,51
1186,57
1186,95
1186,109
1186,122
1187,18
1187,36
1187,57
1187,109
1187,124
1188,9
1188,51
1188,57
1188,123
1188,124
1189,31
1189,65
1189,71
1189,83
1189,91
1190,9
1190,40
1190,114
1190,115
1190,117
1191,18
1191,57
1191,109
1191,123
1191,124
1192,22
1192,50
1192,76
1192,87
1192,98
1193,8
1193,28
1193,91
1193,117
1193,119
1194,49
1194,50
1194,61
1194,65
1194,68
1195,23
1195,81
1195,84
1195,114
1195,117
1196,17
1196,70
1196,74
1196,77
1196,104
1197,5
1197,86
1197,95
1197,122
1197,123
1198,1
1198,2
1198,59
1198,67
1198,113
1199,49
1199,50
1199,61
1199,68
1199,75
1200,4
1200,8
1200,32
1200,39
1200,69
1201,15
1201,55
1201,73
1201,82
1201,110
1202,3
1202,49
1202,68
1202,75
1202,83
1203,14
1203,22
1203,47
1203,77
1203,108
1204,3
1204,71
1204,83
1204,91
1204,117
1205,23
1205,26
1205,34
1205,81
1205,120
1206,51
1206,92
1206,95
1206,116
1206,122
1207,18
1207,49
1207,51
1207,109
1207,123
1208,7
1208,14
1208,50
1208,87
1208,121
1209,8
1209,19
1209,38
1209,91
1209,117
1210,8
1210,40
1210,55
1210,82
1210,119
1211,43
1211,44
1211,85
1211,92
1211,112
1212,25
1212,44
1212,92
1212,95
1212,116
1213,43
1213,72
1213,77
1213,81
1213,120
1214,12
1214,18
1214,19
1214,26
1214,30
1215,5
1215,21
1215,32
1215,46
1215,86
1216,15
1216,29
1216,40
1216,55
1216,73
1217,11
1217,47
1217,78
1217,92
1217,108
1218,3
1218,6
1218,73
1218,82
1218,112
1219,41
1219,44
1219,48
1219,68
1219,74
1220,12
1220,41
1220,74
1220,75
1220,102
1221,18
1221,36
1221,52
1221,57
1221,75
1222,15
1222,55
1222,73
1222,82
1222,112
1223,7
1223,14
1223,22
1223,47
1223,61
1224,3
1224,31
1224,58
1224,71
1224,83
1225,8
1225,23
1225,35
1225,84
1225,114
1226,65
1226,71
1226,72
1226,74
1226,104
1227,1
1227,2
1227,43
1227,44
1227,90
1228,8
1228,32
1228,38
1228,91
1228,117
1229,9
1229,25
1229,57
1229,110
1229,124
1230,5
1230,41
1230,48
1230,86
1230,116
1231,10
1231,33
1231,47
1231,90
1231,101
1232,36
1232,49
1232,50
1232,75
1232,87
1233,12
1233,36
1233,49
1233,52
1233,75
1234,23
1234,26
1234,37
1234,38
1234,84
1235,7
1235,28
1235,53
1235,66
1235,103
1236,20
1236,77
1236,85
1236,88
1236,95
1237,27
1237,54
1237,59
1237,102
1237,107
1238,7
1238,50
1238,61
1238,87
1238,121
1239,31
1239,35
1239,65
1239,80
1239,91
1240,28
1240,35
1240,70
1240,103
1240,115
1241,3
1241,31
1241,71
1241,83
1241,91
1242,49
1242,75
1242,83
1242,87
1242,115
1243,11
1243,16
1243,33
1243,63
1243,108
1244,1
1244,13
1244,43
1244,90
1244,112
1245,26
1245,30
1245,37
1245,84
1245,88
1246,9
1246,57
1246,100
1246,124
1246,125
1247,26
1247,88
1247,90
1247,92
1247,94
1248,37
1248,45
1248,60
1248,89
1248,91
1249,19
1249,53
1249,88
1249,101
1249,103
1250,23
1250,26
1250,38
1250,84
1250,120
1251,70
1251,72
1251,77
1251,85
1251,104
1252,4
1252,5
1252,32
1252,86
1252,122
1253,31
1253,39
1253,41
1253,48
1253,62
1254,15
1254,29
1254,40
1254,55
1254,110
1255,38
1255,51
1255,80
1255,84
1255,97
1256,6
1256,53
1256,93
1256,106
1256,113
1257,9
1257,29
1257,69
1257,110
1257,124
1258,19
1258,30
1258,42
1258,53
1258,94
1259,5
1259,21
1259,32
1259,96
1259,103
1260,23
1260,34
1260,37
1260,97
1260,100
1261,44
1261,70
1261,74
1261,94
1261,102
1262,4
1262,8
1262,32
1262,38
1262,39
1263,28
1263,66
1263,87
1263,96
1263,121
1264,17
1264,31
1264,71
1264,79
1264,91
1265,41
1265,105
1265,109
1265,123
1265,125
1266,23
1266,38
1266,51
1266,97
1266,100
1267,51
1267,100
1267,115
1267,123
1267,124
1268,18
1268,49
1268,50
1268,57
1268,109
1269,5
1269,21
1269,66
1269,86
1269,96
1270,49
1270,61
1270,68
1270,71
1270,79
1271,6
1271,24
1271,82
1271,110
1271,113
1272,26
1272,30
1272,81
1272,88
1272,120
1273,10
1273,21
1273,32
1273,103
1273,111
1274,11
1274,33
1274,60
1274,89
1274,111
1275,37
1275,84
1275,89
1275,99
1275,114
1276,7
1276,14
1276,61
1276,79
1276,121
1277,9
1277,23
1277,38
1277,100
1277,124
1278,8
1278,15
1278,29
1278,40
1278,82
1279,10
1279,42
1279,54
1279,102
1279,113
1280,18
1280,36
1280,52
1280,57
1280,109
1281,7
1281,61
1281,79
1281,87
1281,121
1282,27
1282,45
1282,64
1282,97
1282,118
1283,5
1283,32
1283,46
1283,96
1283,119
1284,2
1284,42
1284,54
1284,94
1284,98
1285,21
1285,55
1285,73
1285,112
1285,122
1286,9
1286,56
1286,69
1286,105
1286,124
1287,18
1287,57
1287,109
1287,123
1287,124
1288,3
1288,12
1288,24
1288,83
1288,115
1289,39
1289,56
1289,62
1289,66
1289,105
1290,10
1290,27
1290,45
1290,54
1290,64
1291,45
1291,76
1291,97
1291,105
1291,118
1292,63
1292,72
1292,90
1292,92
1292,101
1293,4
1293,8
1293,58
1293,69
1293,106
1294,63
1294,90
1294,92
1294,94
1294,101
1295,52
1295,66
1295,85
1295,95
1295,122
1296,20
1296,44
1296,78
1296,105
1296,116
1297,2
1297,59
1297,64
1297,67
1297,86
1298,27
1298,59
1298,64
1298,67
1298,107
1299,8
1299,31
1299,45
1299,60
1299,91
1300,7
1300,22
1300,47
1300,87
1300,121
1301,44
1301,58
1301,63
1301,74
1301,104
1302,23
1302,38
1302,51
1302,97
1302,100
1303,9
1303,36
1303,49
1303,50
1303,57
1304,25
1304,43
1304,73
1304,112
1304,116
1305,8
1305,35
1305,83
1305,114
1305,115
1306,27
1306,48
1306,58
1306,62
1306,102
1307,41
1307,62
1307,105
1307,109
1307,125
1308,4
1308,11
1308,33
1308,60
1308,106
1309,58
1309,71
1309,72
1309,104
1309,120
1310,4
1310,11
1310,32
1310,106
1310,111
1311,23
1311,38
1311,80
1311,84
1311,97
1312,9
1312,23
1312,38
1312,51
1312,100
1313,10
1313,33
1313,60
1313,69
1313,89
1314,8
1314,40
1314,73
1314,114
1314,117
1315,34
1315,38
1315,45
1315,97
1315,100
1316,66
1316,86
1316,95
1316,109
1316,122
1317,18
1317,36
1317,57
1317,100
1317,124
1318,6
1318,15
1318,24
1318,40
1318,110
1319,15
1319,29
1319,55
1319,82
1319,110
1320,35
1320,77
1320,80
1320,97
1320,121
1321,21
1321,46
1321,96
1321,119
1321,123
1322,16
1322,29
1322,33
1322,69
1322,112
1323,13
1323,27
1323,34
1323,43
1323,64
1324,1
1324,43
1324,44
1324,85
1324,104
1325,13
1325,29
1325,82
1325,89
1325,114
1326,9
1326,23
1326,76
1326,97
1326,100
1327,9
1327,57
1327,100
1327,110
1327,124
1328,98
1328,102
1328,107
1328,113
1328,118
1329,27
1329,59
1329,67
1329,78
1329,118
1330,20
1330,22
1330,76
1330,78
1330,99
1331,12
1331,19
1331,28
1331,52
1331,66
1332,23
1332,38
1332,51
1332,81
1332,120
1333,13
1333,34
1333,45
1333,84
1333,97
1334,23
1334,37
1334,38
1334,84
1334,114
1335,1
1335,13
1335,70
1335,99
1335,104
1336,35
1336,62
1336,65
1336,80
1336,91
1337,41
1337,48
1337,62
1337,68
1337,102
1338,46
1338,82
1338,119
1338,123
1338,125
1339,55
1339,82
1339,110
1339,113
1339,125
1340,20
1340,28
1340,51
1340,97
1340,100
1341,7
1341,61
1341,79
1341,80
1341,121
1342,24
1342,25
1342,64
1342,110
1342,113
1343,1
1343,28
1343,66
1343,78
1343,96
1344,18
1344,52
1344,57
1344,109
1344,124
1345,6
1345,28
1345,53
1345,93
1345,119
1346,15
1346,29
1346,55
1346,73
1346,82
1347,26
1347,37
1347,81
1347,88
1347,120
1348,49
1348,50
1348,61
1348,62
1348,87
1349,9
1349,55
1349,110
1349,112
1349,123
1350,7
1350,61
1350,79
1350,87
1350,121
1351,3
1351,12
1351,31
1351,65
1351,75
1352,11
1352,43
1352,63
1352,78
1352,90
1353,35
1353,56
1353,62
1353,99
1353,107
1354,17
1354,64
1354,98
1354,107
1354,113
1355,17
1355,39
1355,79
1355,115
1355,119
1356,7
1356,22
1356,25
1356,70
1356,87
1357,10
1357,47
1357,89
1357,99
1357,101
1358,14
1358,22
1358,50
1358,61
1358,77
1359,10
1359,63
1359,90
1359,94
1359,101
1360,58
1360,63
1360,85
1360,92
1360,112
1361,17
1361,25
1361,70
1361,79
1361,115
1362,37
1362,60
1362,89
1362,103
1362,111
1363,58
1363,85
1363,92
1363,116
1363,122
1364,49
1364,68
1364,75
1364,87
1364,115
1365,21
1365,46
1365,82
1365,96
1365,119
1366,3
1366,31
1366,58
1366,71
1366,91
1367,20
1367,28
1367,30
1367,66
1367,97
1368,26
1368,54
1368,64
1368,88
1368,98
1369,65
1369,70
1369,71
1369,72
1369,104
1370,31
1370,48
1370,65
1370,71
1370,83
1371,26
1371,30
1371,81
1371,88
1371,120
1372,17
1372,42
1372,54
1372,98
1372,102
1373,15
1373,29
1373,40
1373,55
1373,110
1374,20
1374,30
1374,53
1374,94
1374,101
1375,24
1375,40
1375,69
1375,82
1375,110
1376,1
1376,2
1376,25
1376,98
1376,102
1377,10
1377,12
1377,53
1377,94
1377,101
1378,41
1378,48
1378,68
1378,74
1378,104
1379,39
1379,41
1379,48
1379,86
1379,105
1380,4
1380,16
1380,32
1380,69
1380,122
1381,46
1381,73
1381,82
1381,113
1381,119
1382,7
1382,14
1382,61
1382,79
1382,121
1383,16
1383,29
1383,69
1383,82
1383,106
1384,9
1384,23
1384,100
1384,114
1384,124
1385,44
1385,78
1385,102
1385,105
1385,116
1386,3
1386,4
1386,31
1386,58
1386,83
1387,25
1387,70
1387,72
1387,74
1387,90
1388,18
1388,51
1388,100
1388,123
1388,124
1389,2
1389,42
1389,59
1389,67
1389,98
1390,31
1390,41
1390,48
1390,68
1390,74
1391,42
1391,54
1391,94
1391,102
1391,113
1392,39
1392,49
1392,50
1392,66
1392,87
1393,4
1393,33
1393,60
1393,106
1393,111
1394,12
1394,17
1394,19
1394,70
1394,74
1395,15
1395,29
1395,40
1395,73
1395,112
1396,13
1396,34
1396,37
1396,81
1396,88
1397,6
1397,15
1397,24
1397,40
1397,117
1398,28
1398,42
1398,66
1398,93
1398,113
1399,19
1399,20
1399,42
1399,54
1399,94
1400,15
1400,40
1400,82
1400,110
1400,123
1401,31
1401,48
1401,65
1401,68
1401,91
1402,27
1402,59
1402,90
1402,107
1402,113
1403,7
1403,14
1403,61
1403,77
1403,121
1404,7
1404,22
1404,61
1404,87
1404,121
1405,35
1405,41
1405,45
1405,76
1405,97
1406,9
1406,15
1406,29
1406,55
1406,112
1407,15
1407,24
1407,40
1407,55
1407,110
1408,41
1408,100
1408,109
1408,123
1408,125
1409,41
1409,48
1409,59
1409,102
1409,107
1410,3
1410,58
1410,62
1410,71
1410,83
1411,5
1411,63
1411,74
1411,77
1411,85
1412,16
1412,29
1412,37
1412,69
1412,114
1413,20
1413,26
1413,30
1413,97
1413,120
1414,4
1414,14
1414,16
1414,69
1414,108
1415,11
1415,56
1415,78
1415,111
1415,122
1416,10
1416,16
1416,33
1416,60
1416,106
1417,6
1417,24
1417,102
1417,113
1417,125
1418,4
1418,56
1418,69
1418,105
1418,109
1419,59
1419,64
1419,67
1419,98
1419,118
1420,15
1420,40
1420,82
1420,110
1420,119
1421,12
1421,19
1421,26
1421,30
1421,53
1422,78
1422,84
1422,89
1422,97
1422,99
1423,18
1423,36
1423,76
1423,100
1423,124
1424,8
1424,35
1424,80
1424,91
1424,117
1425,17
1425,35
1425,79
1425,115
1425,121
1426,8
1426,46
1426,82
1426,117
1426,119
1427,1
1427,42
1427,66
1427,94
1427,113
1428,2
1428,27
1428,59
1428,67
1428,118
1429,17
1429,44
1429,70
1429,74
1429,102
1430,4
1430,14
1430,35
1430,39
1430,96
1431,51
1431,61
1431,65
1431,80
1431,115
1432,28
1432,30
1432,53
1432,88
1432,93
1433,9
1433,24
1433,25
1433,115
1433,125
1434,15
1434,55
1434,73
1434,82
1434,110
1435,25
1435,44
1435,92
1435,95
1435,116
1436,1
1436,2
1436,64
1436,98
1436,118
1437,18
1437,36
1437,57
1437,109
1437,124
1438,1
1438,20
1438,44
1438,95
1438,116
1439,12
1439,30
1439,42
1439,52
1439,53
1440,70
1440,71
1440,72
1440,74
1440,104
1441,63
1441,85
1441,90
1441,92
1441,101
1442,3
1442,12
1442,31
1442,62
1442,83
1443,4
1443,69
1443,105
1443,109
1443,122
1444,8
1444,35
1444,80
1444,114
1444,117
1445,26
1445,34
1445,45
1445,97
1445,120
1446,49
1446,50
1446,75
1446,87
1446,115
1447,1
1447,48
1447,74
1447,76
1447,104
1448,11
1448,16
1448,33
1448,106
1448,111
1449,42
1449,90
1449,93
1449,94
1449,113
1450,6
1450,10
1450,17
1450,19
1450,54
1451,27
1451,33
1451,45
1451,60
1451,89
1452,20
1452,26
1452,34
1452,88
1452,120
1453,14
1453,47
1453,99
1453,108
1453,121
1454,7
1454,14
1454,47
1454,99
1454,121
1455,21
1455,43
1455,46
1455,85
1455,112
1456,18
1456,52
1456,92
1456,95
1456,116
1457,63
1457,72
1457,81
1457,85
1457,120
1458,1
1458,2
1458,42
1458,54
1458,67
1459,18
1459,50
1459,51
1459,100
1459,124
1460,13
1460,27
1460,43
1460,64
1460,98
1461,5
1461,28
1461,86
1461,96
1461,103
1462,1
1462,2
1462,34
1462,78
1462,118
1463,3
1463,17
1463,31
1463,71
1463,83
1464,14
1464,47
1464,50
1464,99
1464,108
1465,63
1465,88
1465,90
1465,94
1465,101
1466,23
1466,26
1466,34
1466,38
1466,84
1467,9
1467,22
1467,29
1467,56
1467,125
1468,13
1468,25
1468,43
1468,104
1468,107
1469,7
1469,22
1469,42
1469,47
1469,53
1470,22
1470,25
1470,61
1470,70
1470,115
1471,24
1471,40
1471,73
1471,117
1471,119
1472,22
1472,56
1472,78
1472,98
1472,99
1473,3
1473,6
1473,70
1473,73
1473,112
1474,23
1474,26
1474,34
1474,84
1474,97
1475,22
1475,47
1475,53
1475,103
1475,106
1476,16
1476,33
1476,60
1476,106
1476,108
1477,38
1477,51
1477,66
1477,80
1477,100
1478,14
1478,47
1478,78
1478,99
1478,108
1479,63
1479,90
1479,92
1479,101
1479,116
1480,35
1480,45
1480,80
1480,96
1480,97
1481,43
1481,63
1481,85
1481,92
1481,112
1482,3
1482,17
1482,31
1482,71
1482,83
1483,10
1483,53
1483,66
1483,111
1483,125
1484,5
1484,21
1484,32
1484,39
1484,96
1485,17
1485,31
1485,62
1485,68
1485,71
1486,11
1486,16
1486,37
1486,63
1486,112
1487,5
1487,8
1487,21
1487,32
1487,96
1488,9
1488,18
1488,23
1488,100
1488,124
1489,25
1489,36
1489,44
1489,76
1489,102
1490,19
1490,28
1490,66
1490,96
1490,103
1491,15
1491,29
1491,55
1491,82
1491,110
1492,44
1492,72
1492,85
1492,92
1492,104
1493,4
1493,11
1493,60
1493,106
1493,111
1494,1
1494,13
1494,25
1494,43
1494,44
1495,16
1495,33
1495,60
1495,106
1495,108
1496,4
1496,60
1496,69
1496,89
1496,111
1497,9
1497,18
1497,57
1497,123
1497,124
1498,70
1498,71
1498,72
1498,73
1498,104
1499,22
1499,47
1499,63
1499,92
1499,101
1500,9
1500,25
1500,44
1500,78
1500,116
1501,17
1501,31
1501,65
1501,71
1501,91
1502,19
1502,26
1502,30
1502,88
1502,97
1503,10
1503,42
1503,53
1503,94
1503,101
1504,26
1504,34
1504,45
1504,84
1504,88
1505,20
1505,77
1505,85
1505,95
1505,103
1506,33
1506,39
1506,56
1506,62
1506,105
1507,1
1507,13
1507,27
1507,64
1507,107
1508,28
1508,42
1508,56
1508,113
1508,125
1509,17
1509,31
1509,39
1509,41
1509,48
1510,39
1510,41
1510,42
1510,66
1510,102
1511,5
1511,17
1511,39
1511,48
1511,68
1512,12
1512,19
1512,26
1512,30
1512,88
1513,7
1513,50
1513,61
1513,87
1513,121
1514,10
1514,11
1514,33
1514,78
1514,111
1515,7
1515,47
1515,70
1515,72
1515,77
1516,39
1516,49
1516,62
1516,79
1516,99
1517,23
1517,26
1517,38
1517,84
1517,97
1518,3
1518,73
1518,83
1518,115
1518,119
1519,20
1519,25
1519,44
1519,74
1519,76
1520,3
1520,65
1520,68
1520,75
1520,120
1521,71
1521,83
1521,91
1521,117
1521,119
1522,41
1522,67
1522,76
1522,86
1522,118
1523,56
1523,78
1523,105
1523,108
1523,111
1524,18
1524,23
1524,38
1524,100
1524,124
1525,7
1525,50
1525,61
1525,79
1525,121
1526,2
1526,54
1526,64
1526,98
1526,118
1527,73
1527,90
1527,92
1527,112
1527,116
1528,7
1528,22
1528,47
1528,61
1528,70
1529,35
1529,49
1529,79
1529,87
1529,115
1530,23
1530,26
1530,30
1530,38
1530,84
1531,4
1531,32
1531,39
1531,103
1531,122
1532,36
1532,57
1532,68
1532,105
1532,109
1533,17
1533,70
1533,71
1533,74
1533,91
1534,6
1534,17
1534,24
1534,46
1534,119
1535,1
1535,20
1535,22
1535,56
1535,78
1536,43
1536,63
1536,77
1536,85
1536,95
1537,7
1537,14
1537,47
1537,99
1537,121
1538,5
1538,28
1538,46
1538,86
1538,122
1539,35
1539,80
1539,84
1539,97
1539,99
1540,17
1540,31
1540,71
1540,91
1540,117
1541,4
1541,8
1541,21
1541,32
1541,103
1542,52
1542,88
1542,92
1542,93
1542,95
1543,19
1543,30
1543,53
1543,93
1543,94
1544,21
1544,46
1544,55
1544,73
1544,82
1545,3
1545,12
1545,24
1545,33
1545,69
1546,37
1546,81
1546,112
1546,114
1546,120
1547,4
1547,8
1547,32
1547,39
1547,69
1548,39
1548,49
1548,62
1548,75
1548,125
1549,3
1549,31
1549,62
1549,65
1549,83
1550,28
1550,41
1550,64
1550,86
1550,98
1551,43
1551,58
1551,72
1551,112
1551,116
1552,27
1552,56
1552,78
1552,105
1552,118
1553,1
1553,13
1553,43
1553,90
1553,116
1554,49
1554,50
1554,61
1554,87
1554,121
1555,7
1555,42
1555,53
1555,93
1555,94
1556,3
1556,44
1556,58
1556,74
1556,116
1557,22
1557,28
1557,42
1557,53
1557,98
1558,35
1558,89
1558,97
1558,99
1558,114
1559,14
1559,21
1559,47
1559,96
1559,103
1560,6
1560,13
1560,28
1560,64
1560,113
1561,3
1561,24
1561,31
1561,83
1561,119
1562,35
1562,80
1562,84
1562,91
1562,117
1563,27
1563,64
1563,86
1563,107
1563,113
1564,26
1564,34
1564,37
1564,45
1564,88
1565,39
1565,49
1565,50
1565,123
1565,125
1566,31
1566,48
1566,68
1566,75
1566,83
1567,9
1567,24
1567,36
1567,110
1567,125
1568,6
1568,17
1568,71
1568,79
1568,119
1569,9
1569,36
1569,49
1569,57
1569,124
1570,13
1570,72
1570,81
1570,88
1570,120
1571,4
1571,69
1571,109
1571,122
1571,125
1572,39
1572,56
1572,62
1572,105
1572,125
1573,1
1573,46
1573,74
1573,85
1573,86
1574,28
1574,50
1574,66
1574,87
1574,125
1575,20
1575,25
1575,36
1575,44
1575,116
1576,49
1576,62
1576,75
1576,105
1576,125
1577,17
1577,24
1577,40
1577,68
1577,83
1578,37
1578,51
1578,81
1578,114
1578,120
1579,41
1579,49
1579,68
1579,109
1579,123
1580,43
1580,72
1580,81
1580,85
1580,120
1581,43
1581,81
1581,85
1581,92
1581,112
1582,20
1582,22
1582,44
1582,47
1582,101
1583,22
1583,49
1583,50
1583,61
1583,87
1584,35
1584,39
1584,79
1584,80
1584,96
1585,10
1585,12
1585,54
1585,62
1585,102
1586,13
1586,25
1586,43
1586,70
1586,72
1587,21
1587,46
1587,86
1587,122
1587,125
1588,5
1588,39
1588,49
1588,66
1588,96
1589,16
1589,33
1589,62
1589,69
1589,108
1590,27
1590,59
1590,64
1590,107
1590,118
1591,12
1591,19
1591,30
1591,53
1591,94
1592,3
1592,58
1592,65
1592,74
1592,116
1593,49
1593,50
1593,61
1593,68
1593,79
1594,13
1594,43
1594,73
1594,90
1594,112
1595,1
1595,7
1595,70
1595,76
1595,99
1596,50
1596,61
1596,76
1596,87
1596,115
1597,25
1597,90
1597,92
1597,112
1597,116
1598,10
1598,11
1598,33
1598,106
1598,111
1599,39
1599,49
1599,50
1599,61
1599,87
1600,7
1600,50
1600,61
1600,87
1600,121
1601,25
1601,44
1601,58
1601,92
1601,104
1602,16
1602,33
1602,69
1602,106
1602,111
1603,1
1603,2
1603,13
1603,64
1603,90
1604,28
1604,38
1604,39
1604,51
1604,66
1605,28
1605,51
1605,77
1605,80
1605,97
1606,11
1606,16
1606,78
1606,89
1606,108
1607,25
1607,36
1607,52
1607,75
1607,116
1608,12
1608,57
1608,65
1608,75
1608,83
1609,17
1609,31
1609,48
1609,71
1609,119
1610,24
1610,25
1610,44
1610,102
1610,116
1611,9
1611,25
1611,36
1611,110
1611,125
1612,58
1612,72
1612,74
1612,92
1612,104
1613,41
1613,48
1613,57
1613,68
1613,75
1614,9
1614,24
1614,41
1614,48
1614,76
1615,17
1615,35
1615,70
1615,79
1615,115
1616,4
1616,8
1616,27
1616,82
1616,113
1617,31
1617,48
1617,65
1617,68
1617,71
1618,18
1618,52
1618,109
1618,123
1618,125
1619,59
1619,64
1619,67
1619,98
1619,107
1620,2
1620,42
1620,54
1620,90
1620,94
1621,15
1621,29
1621,40
1621,114
1621,117
1622,18
1622,36
1622,57
1622,109
1622,124
1623,43
1623,92
1623,95
1623,112
1623,116
1624,22
1624,56
1624,76
1624,78
1624,99
1625,7
1625,29
1625,55
1625,87
1625,115
1626,7
1626,53
1626,70
1626,94
1626,101
1627,31
1627,48
1627,65
1627,68
1627,75
1628,20
1628,51
1628,95
1628,116
1628,122
1629,3
1629,4
1629,105
1629,109
1629,122
1630,5
1630,32
1630,66
1630,86
1630,96
1631,14
1631,47
1631,50
1631,108
1631,121
1632,20
1632,22
1632,25
1632,72
1632,78
1633,59
1633,64
1633,67
1633,98
1633,107
1634,28
1634,51
1634,77
1634,96
1634,103
1635,49
1635,56
1635,62
1635,68
1635,76
1636,1
1636,25
1636,48
1636,64
1636,76
1637,18
1637,36
1637,52
1637,57
1637,109
1638,19
1638,28
1638,39
1638,66
1638,103
1639,49
1639,55
1639,79
1639,87
1639,125
1640,7
1640,14
1640,47
1640,108
1640,121
1641,7
1641,70
1641,72
1641,77
1641,85
1642,19
1642,21
1642,66
1642,93
1642,103
1643,45
1643,54
1643,76
1643,102
1643,118
1644,58
1644,62
1644,71
1644,74
1644,104
1645,7
1645,20
1645,25
1645,70
1645,94
1646,3
1646,24
1646,31
1646,65
1646,83
1647,2
1647,42
1647,54
1647,94
1647,98
1648,8
1648,24
1648,73
1648,83
1648,119
1649,37
1649,45
1649,60
1649,89
1649,114
1650,23
1650,26
1650,38
1650,84
1650,88
1651,13
1651,15
1651,81
1651,88
1651,117
1652,1
1652,13
1652,22
1652,25
1652,43
1653,16
1653,33
1653,60
1653,89
1653,99
1654,1
1654,20
1654,44
1654,90
1654,104
1655,16
1655,29
1655,55
1655,69
1655,82
1656,16
1656,27
1656,82
1656,107
1656,113
1657,9
1657,18
1657,57
1657,123
1657,124
1658,6
1658,24
1658,40
1658,115
1658,119
1659,49
1659,50
1659,51
1659,61
1659,87
1660,16
1660,33
1660,53
1660,106
1660,108
1661,17
1661,48
1661,74
1661,104
1661,107
1662,15
1662,29
1662,55
1662,82
1662,110
1663,2
1663,42
1663,54
1663,67
1663,102
1664,1
1664,20
1664,36
1664,66
1664,76
1665,20
1665,44
1665,74
1665,90
1665,94
1666,12
1666,17
1666,31
1666,62
1666,75
1667,21
1667,66
1667,77
1667,95
1667,103
1668,59
1668,67
1668,76
1668,98
1668,107
1669,18
1669,49
1669,50
1669,57
1669,124
1670,6
1670,28
1670,93
1670,103
1670,116
1671,14
1671,22
1671,47
1671,99
1671,108
1672,65
1672,81
1672,91
1672,117
1672,120
1673,35
1673,39
1673,66
1673,96
1673,99
1674,44
1674,63
1674,92
1674,101
1674,116
1675,76
1675,78
1675,97
1675,99
1675,118
1676,11
1676,63
1676,92
1676,112
1676,122
1677,2
1677,54
1677,59
1677,67
1677,107
1678,5
1678,32
1678,39
1678,66
1678,122
1679,3
1679,31
1679,58
1679,62
1679,65
1680,14
1680,35
1680,89
1680,99
1680,114
1681,19
1681,26
1681,30
1681,45
1681,97
1682,5
1682,39
1682,66
1682,86
1682,96
1683,6
1683,64
1683,98
1683,107
1683,113
1684,4
1684,21
1684,32
1684,103
1684,111
1685,15
1685,43
1685,55
1685,73
1685,112
1686,41
1686,48
1686,62
1686,68
1686,102
1687,51
1687,77
1687,85
1687,92
1687,95
1688,1
1688,13
1688,43
1688,90
1688,104
1689,72
1689,77
1689,80
1689,81
1689,120
1690,12
1690,20
1690,30
1690,80
1690,115
1691,64
1691,67
1691,98
1691,107
1691,118
1692,26
1692,34
1692,37
1692,88
1692,114
1693,27
1693,48
1693,62
1693,102
1693,105
1694,7
1694,29
1694,55
1694,87
1694,121
1695,34
1695,37
1695,45
1695,97
1695,120
1696,19
1696,28
1696,53
1696,93
1696,94
1697,14
1697,35
1697,99
1697,103
1697,108
1698,19
1698,20
1698,28
1698,52
1698,95
1699,17
1699,54
1699,70
1699,74
1699,102
1700,3
1700,58
1700,71
1700,72
1700,73
1701,56
1701,105
1701,106
1701,109
1701,111
1702,5
1702,8
1702,21
1702,32
1702,96
1703,4
1703,32
1703,39
1703,53
1703,103
1704,43
1704,73
1704,92
1704,112
1704,116
1705,43
1705,55
1705,72
1705,73
1705,112
1706,5
1706,8
1706,21
1706,46
1706,122
1707,58
1707,63
1707,85
1707,92
1707,104
1708,2
1708,20
1708,42
1708,54
1708,98
1709,71
1709,83
1709,91
1709,117
1709,119
1710,12
1710,52
1710,57
1710,65
1710,75
1711,5
1711,41
1711,46
1711,86
1711,113
1712,23
1712,34
1712,80
1712,84
1712,97
1713,17
1713,48
1713,91
1713,117
1713,119
1714,12
1714,19
1714,30
1714,53
1714,75
1715,41
1715,67
1715,76
1715,102
1715,118
1716,19
1716,30
1716,88
1716,93
1716,94
1717,1
1717,28
1717,39
1717,42
1717,66
1718,8
1718,19
1718,28
1718,93
1718,117
1719,15
1719,29
1719,55
1719,82
1719,110
1720,10
1720,53
1720,93
1720,94
1720,101
1721,11
1721,33
1721,47
1721,78
1721,111
1722,41
1722,45
1722,54
1722,76
1722,102
1723,56
1723,60
1723,89
1723,105
1723,111
1724,2
1724,59
1724,67
1724,98
1724,107
1725,8
1725,81
1725,84
1725,91
1725,117
1726,6
1726,10
1726,70
1726,101
1726,117
1727,10
1727,19
1727,28
1727,101
1727,103
1728,5
1728,32
1728,39
1728,48
1728,96
1729,47
1729,58
1729,63
1729,77
1729,85
1730,41
1730,64
1730,98
1730,107
1730,118
1731,17
1731,68
1731,71
1731,79
1731,83
1732,3
1732,65
1732,72
1732,83
1732,115
1733,8
1733,80
1733,91
1733,117
1733,120
1734,51
1734,78
1734,86
1734,105
1734,122
1735,4
1735,31
1735,41
1735,48
1735,68
1736,23
1736,38
1736,51
1736,100
1736,124
1737,29
1737,43
1737,73
1737,90
1737,112
1738,56
1738,62
1738,69
1738,105
1738,109
1739,9
1739,24
1739,40
1739,115
1739,123
1740,16
1740,55
1740,56
1740,82
1740,113
1741,7
1741,47
1741,53
1741,101
1741,103
1742,1
1742,20
1742,44
1742,78
1742,95
1743,1
1743,13
1743,34
1743,45
1743,97
1744,2
1744,34
1744,97
1744,98
1744,118
1745,28
1745,35
1745,80
1745,97
1745,114
1746,36
1746,52
1746,76
1746,95
1746,116
1747,6
1747,17
1747,28
1747,42
1747,53
1748,6
1748,42
1748,54
1748,93
1748,113
1749,24
1749,41
1749,48
1749,123
1749,125
1750,5
1750,32
1750,46
1750,86
1750,96
1751,47
1751,56
1751,62
1751,78
1751,108
1752,14
1752,39
1752,47
1752,62
1752,108
1753,20
1753,25
1753,36
1753,49
1753,76
1754,18
1754,57
1754,95
1754,109
1754,122
1755,28
1755,66
1755,77
1755,95
1755,96
1756,34
1756,35
1756,45
1756,80
1756,84
1757,27
1757,59
1757,67
1757,107
1757,118
1758,9
1758,40
1758,51
1758,73
1758,123
1759,3
1759,24
1759,83
1759,123
1759,125
1760,9
1760,24
1760,25
1760,36
1760,125
1761,43
1761,55
1761,72
1761,73
1761,112
1762,11
1762,37
1762,63
1762,78
1762,89
1763,58
1763,63
1763,72
1763,92
1763,104
1764,18
1764,57
1764,75
1764,105
1764,109
1765,70
1765,72
1765,74
1765,80
1765,104
1766,19
1766,20
1766,26
1766,30
1766,88
1767,7
1767,20
1767,42
1767,53
1767,94
1768,26
1768,80
1768,81
1768,88
1768,115
1769,1
1769,13
1769,43
1769,74
1769,104
1770,3
1770,31
1770,71
1770,83
1770,119
1771,6
1771,40
1771,73
1771,115
1771,119
1772,24
1772,87
1772,93
1772,110
1772,125
1773,3
1773,58
1773,74
1773,91
1773,117
1774,8
1774,13
1774,45
1774,64
1774,114
1775,47
1775,53
1775,103
1775,106
1775,108
1776,11
1776,37
1776,60
1776,89
1776,114
1777,64
1777,98
1777,107
1777,110
1777,113
1778,5
1778,41
1778,46
1778,86
1778,113
1779,9
1779,18
1779,52
1779,110
1779,124
1780,29
1780,55
1780,69
1780,82
1780,110
1781,12
1781,17
1781,31
1781,71
1781,91
1782,2
1782,42
1782,54
1782,98
1782,113
1783,23
1783,35
1783,80
1783,84
1783,97
1784,11
1784,58
1784,78
1784,111
1784,122
1785,13
1785,27
1785,78
1785,89
1785,99
1786,9
1786,18
1786,57
1786,123
1786,124
1787,50
1787,61
1787,79
1787,87
1787,121
1788,38
1788,51
1788,100
1788,109
1788,123
1789,49
1789,50
1789,61
1789,68
1789,87
1790,13
1790,15
1790,29
1790,43
1790,55
1791,11
1791,16
1791,60
1791,89
1791,106
1792,14
1792,47
1792,62
1792,79
1792,108
1793,64
1793,67
1793,98
1793,107
1793,118
1794,21
1794,32
1794,46
1794,96
1794,103
1795,27
1795,48
1795,59
1795,102
1795,107
1796,72
1796,77
1796,81
1796,88
1796,120
1797,23
1797,26
1797,34
1797,45
1797,97
1798,1
1798,2
1798,59
1798,67
1798,86
1799,14
1799,49
1799,50
1799,61
1799,87
1800,4
1800,31
1800,62
1800,69
1800,83
1801,8
1801,23
1801,40
1801,114
1801,117
1802,27
1802,59
1802,67
1802,107
1802,118
1803,27
1803,45
1803,59
1803,67
1803,118
1804,41
1804,56
1804,76
1804,102
1804,118
1805,2
1805,27
1805,59
1805,67
1805,118
1806,12
1806,30
1806,42
1806,93
1806,94
1807,49
1807,61
1807,65
1807,68
1807,79
1808,48
1808,74
1808,102
1808,104
1808,107
1809,31
1809,41
1809,48
1809,58
1809,74
1810,7
1810,61
1810,79
1810,87
1810,121
1811,37
1811,58
1811,63
1811,81
1811,120
1812,23
1812,34
1812,38
1812,97
1812,100
1813,35
1813,37
1813,89
1813,97
1813,99
1814,6
1814,10
1814,12
1814,33
1814,101
1815,11
1815,16
1815,60
1815,69
1815,89
1816,4
1816,56
1816,69
1816,105
1816,125
1817,63
1817,72
1817,85
1817,92
1817,112
1818,6
1818,15
1818,29
1818,93
1818,110
1819,40
1819,79
1819,87
1819,115
1819,119
1820,23
1820,34
1820,45
1820,84
1820,114
1821,10
1821,56
1821,105
1821,111
1821,113
1822,10
1822,37
1822,60
1822,89
1822,111
1823,2
1823,59
1823,67
1823,98
1823,118
1824,5
1824,21
1824,32
1824,38
1824,96
1825,13
1825,34
1825,64
1825,90
1825,98
1826,18
1826,20
1826,51
1826,52
1826,95
1827,12
1827,19
1827,30
1827,53
1827,94
1828,9
1828,24
1828,57
1828,124
1828,125
1829,21
1829,46
1829,73
1829,117
1829,119
1830,16
1830,60
1830,69
1830,106
1830,108
1831,10
1831,12
1831,33
1831,69
1831,106
1832,58
1832,65
1832,71
1832,72
1832,104
1833,2
1833,54
1833,59
1833,67
1833,118
1834,70
1834,72
1834,77
1834,81
1834,88
1835,23
1835,34
1835,38
1835,84
1835,114
1836,16
1836,60
1836,89
1836,106
1836,108
1837,14
1837,50
1837,51
1837,108
1837,109
1838,46
1838,55
1838,95
1838,122
1838,123
1839,6
1839,12
1839,19
1839,30
1839,53
1840,44
1840,48
1840,58
1840,74
1840,104
1841,25
1841,36
1841,44
1841,75
1841,116
1842,15
1842,29
1842,40
1842,55
1842,119
1843,7
1843,35
1843,79
1843,87
1843,121
1844,24
1844,46
1844,119
1844,123
1844,125
1845,11
1845,14
1845,37
1845,63
1845,108
1846,11
1846,16
1846,60
1846,106
1846,108
1847,18
1847,36
1847,52
1847,57
1847,95
1848,49
1848,68
1848,75
1848,87
1848,115
1849,9
1849,20
1849,25
1849,51
1849,116
1850,18
1850,51
1850,100
1850,109
1850,124
1851,4
1851,16
1851,69
1851,82
1851,106
1852,2
1852,54
1852,67
1852,98
1852,107
1853,21
1853,46
1853,82
1853,86
1853,96
1854,36
1854,49
1854,50
1854,68
1854,76
1855,41
1855,62
1855,65
1855,68
1855,75
1856,24
1856,40
1856,83
1856,117
1856,119
1857,1
1857,2
1857,59
1857,67
1857,98
1858,12
1858,36
1858,52
1858,75
1858,125
1859,21
1859,28
1859,32
1859,46
1859,96
1860,6
1860,15
1860,55
1860,82
1860,110
1861,49
1861,57
1861,65
1861,68
1861,75
1862,5
1862,32
1862,46
1862,86
1862,96
1863,24
1863,73
1863,93
1863,110
1863,123
1864,13
1864,23
1864,34
1864,84
1864,114
1865,36
1865,52
1865,57
1865,65
1865,75
1866,36
1866,49
1866,50
1866,57
1866,61
1867,49
1867,61
1867,75
1867,87
1867,115
1868,23
1868,38
1868,50
1868,80
1868,84
1869,11
1869,37
1869,63
1869,89
1869,111
1870,12
1870,19
1870,42
1870,53
1870,94
1871,17
1871,48
1871,71
1871,74
1871,104
1872,28
1872,38
1872,66
1872,96
1872,103
1873,10
1873,17
1873,39
1873,41
1873,48
1874,7
1874,70
1874,79
1874,115
1874,121
1875,33
1875,58
1875,60
1875,62
1875,105
1876,8
1876,23
1876,38
1876,100
1876,117
1877,65
1877,72
1877,81
1877,104
1877,120
1878,4
1878,8
1878,21
1878,32
1878,39
1879,24
1879,57
1879,75
1879,123
1879,124
1880,17
1880,61
1880,68
1880,76
1880,79
1881,31
1881,41
1881,48
1881,62
1881,68
1882,10
1882,11
1882,103
1882,106
1882,111
1883,4
1883,69
1883,105
1883,109
1883,122
1884,46
1884,96
1884,119
1884,123
1884,125
1885,18
1885,36
1885,52
1885,57
1885,116
1886,9
1886,29
1886,81
1886,114
1886,124
1887,6
1887,64
1887,82
1887,107
1887,113
1888,2
1888,42
1888,54
1888,98
1888,113
1889,12
1889,18
1889,30
1889,52
1889,93
1890,35
1890,80
1890,84
1890,114
1890,115
1891,21
1891,63
1891,77
1891,85
1891,103
1892,1
1892,2
1892,20
1892,64
1892,98
1893,15
1893,29
1893,40
1893,82
1893,110
1894,6
1894,46
1894,93
1894,113
1894,125
1895,39
1895,49
1895,50
1895,61
1895,79
1896,11
1896,33
1896,37
1896,60
1896,89
1897,14
1897,50
1897,61
1897,108
1897,121
1898,7
1898,14
1898,50
1898,87
1898,121
1899,52
1899,92
1899,93
1899,95
1899,116
1900,10
1900,20
1900,42
1900,66
1900,102
1901,25
1901,43
1901,90
1901,92
1901,112
1902,46
1902,64
1902,86
1902,96
1902,113
1903,5
1903,21
1903,32
1903,86
1903,122
1904,35
1904,45
1904,76
1904,80
1904,97
1905,28
1905,86
1905,100
1905,123
1905,125
1906,40
1906,79
1906,83
1906,87
1906,115
1907,7
1907,14
1907,77
1907,96
1907,121
1908,21
1908,46
1908,86
1908,95
1908,122
1909,14
1909,22
1909,47
1909,99
1909,121
1910,9
1910,57
1910,69
1910,110
1910,124
1911,4
1911,11
1911,33
1911,58
1911,63
1912,8
1912,46
1912,82
1912,117
1912,119
1913,20
1913,22
1913,70
1913,77
1913,101
1914,18
1914,23
1914,38
1914,100
1914,124
1915,5
1915,52
1915,66
1915,95
1915,123
1916,12
1916,19
1916,26
1916,30
1916,88
1917,20
1917,44
1917,92
1917,95
1917,120
1918,10
1918,33
1918,60
1918,89
1918,111
1919,21
1919,46
1919,73
1919,82
1919,112
1920,50
1920,61
1920,79
1920,87
1920,121
1921,27
1921,59
1921,64
1921,107
1921,113
1922,11
1922,16
1922,33
1922,106
1922,108
1923,3
1923,65
1923,71
1923,72
1923,91
1924,18
1924,69
1924,93
1924,106
1924,125
1925,3
1925,40
1925,73
1925,83
1925,119
1926,8
1926,35
1926,45
1926,91
1926,117
1927,20
1927,30
1927,44
1927,52
1927,94
1928,34
1928,37
1928,51
1928,81
1928,120
1929,17
1929,62
1929,70
1929,79
1929,99
1930,12
1930,30
1930,75
1930,87
1930,115
1931,3
1931,58
1931,72
1931,73
1931,104
1932,4
1932,8
1932,19
1932,32
1932,103
1933,16
1933,69
1933,89
1933,108
1933,114
1934,3
1934,24
1934,57
1934,75
1934,83
1935,36
1935,49
1935,50
1935,76
1935,87
1936,6
1936,12
1936,24
1936,93
1936,125
1937,85
1937,90
1937,92
1937,94
1937,95
1938,20
1938,34
1938,51
1938,77
1938,97
1939,23
1939,26
1939,30
1939,38
1939,100
1940,17
1940,68
1940,71
1940,79
1940,83
1941,3
1941,33
1941,58
1941,62
1941,74
1942,16
1942,33
1942,60
1942,69
1942,89
1943,10
1943,33
1943,60
1943,106
1943,111
1944,36
1944,49
1944,51
1944,75
1944,100
1945,41
1945,52
1945,66
1945,86
1945,122
1946,35
1946,83
1946,91
1946,117
1946,119
1947,49
1947,57
1947,65
1947,68
1947,75
1948,18
1948,36
1948,52
1948,57
1948,75
1949,6
1949,15
1949,40
1949,82
1949,110
1950,6
1950,17
1950,24
1950,83
1950,119
1951,9
1951,43
1951,51
1951,112
1951,122
1952,26
1952,38
1952,81
1952,88
1952,120
1953,31
1953,62
1953,65
1953,68
1953,71
1954,16
1954,21
1954,29
1954,55
1954,73
1955,35
1955,45
1955,80
1955,84
1955,97
1956,13
1956,34
1956,97
1956,99
1956,114
1957,35
1957,41
1957,48
1957,65
1957,68
1958,35
1958,80
1958,114
1958,115
1958,121
1959,6
1959,42
1959,53
1959,93
1959,94
1960,4
1960,5
1960,32
1960,39
1960,86
1961,4
1961,32
1961,39
1961,66
1961,122
1962,38
1962,51
1962,77
1962,86
1962,95
1963,23
1963,38
1963,51
1963,100
1963,124
1964,18
1964,38
1964,51
1964,100
1964,109
1965,8
1965,28
1965,46
1965,82
1965,96
1966,3
1966,8
1966,83
1966,91
1966,117
1967,2
1967,59
1967,67
1967,107
1967,118
1968,6
1968,8
1968,69
1968,73
1968,82
1969,28
1969,46
1969,64
1969,96
1969,113
1970,23
1970,26
1970,37
1970,84
1970,114
1971,13
1971,43
1971,64
1971,74
1971,107
1972,10
1972,53
1972,93
1972,103
1972,106
1973,21
1973,43
1973,46
1973,73
1973,112
1974,16
1974,69
1974,82
1974,89
1974,114
1975,23
1975,26
1975,30
1975,88
1975,114
1976,26
1976,30
1976,84
1976,88
1976,117
1977,7
1977,22
1977,61
1977,70
1977,121
1978,33
1978,56
1978,58
1978,62
1978,99
1979,36
1979,76
1979,98
1979,102
1979,118
1980,5
1980,21
1980,32
1980,66
1980,86
1981,23
1981,26
1981,38
1981,84
1981,100
1982,35
1982,80
1982,99
1982,114
1982,115
1983,13
1983,63
1983,72
1983,77
1983,85
1984,23
1984,34
1984,81
1984,88
1984,114
1985,16
1985,69
1985,89
1985,106
1985,114
1986,28
1986,40
1986,81
1986,88
1986,117
1987,15
1987,29
1987,55
1987,110
1987,112
1988,4
1988,58
1988,63
1988,101
1988,103
1989,8
1989,15
1989,81
1989,114
1989,117
1990,18
1990,57
1990,109
1990,123
1990,124
1991,18
1991,36
1991,52
1991,57
1991,100
1992,12
1992,18
1992,52
1992,75
1992,109
1993,16
1993,33
1993,69
1993,106
1993,108
1994,50
1994,61
1994,76
1994,99
1994,121
1995,37
1995,51
1995,81
1995,114
1995,120
1996,19
1996,88
1996,90
1996,94
1996,101
1997,20
1997,77
1997,85
1997,92
1997,95
1998,17
1998,31
1998,70
1998,71
1998,74
1999,19
1999,28
1999,53
1999,103
1999,106
2000,8
2000,35
2000,40
2000,91
2000,117
2001,7
2001,14
2001,50
2001,87
2001,121
2002,12
2002,52
2002,66
2002,75
2002,95
2003,10
2003,37
2003,63
2003,101
2003,103
2004,17
2004,31
2004,41
2004,74
2004,91
2005,15
2005,29
2005,55
2005,82
2005,110
2006,36
2006,41
2006,49
2006,68
2006,76
2007,42
2007,54
2007,94
2007,102
2007,113
2008,51
2008,77
2008,80
2008,103
2008,120
2009,8
2009,35
2009,91
2009,117
2009,119
2010,44
2010,85
2010,92
2010,104
2010,120
2011,20
2011,42
2011,53
2011,94
2011,98
2012,9
2012,25
2012,51
2012,92
2012,116
2013,22
2013,61
2013,76
2013,78
2013,99
2014,34
2014,45
2014,84
2014,89
2014,97
2015,66
2015,103
2015,109
2015,123
2015,125
2016,31
2016,41
2016,48
2016,65
2016,68
2017,43
2017,85
2017,90
2017,92
2017,112
2018,6
2018,24
2018,40
2018,83
2018,119
2019,13
2019,43
2019,64
2019,90
2019,113
2020,18
2020,23
2020,38
2020,100
2020,124
2021,21
2021,55
2021,82
2021,122
2021,125
2022,3
2022,24
2022,48
2022,75
2022,83
2023,5
2023,21
2023,32
2023,46
2023,86
2024,3
2024,4
2024,31
2024,83
2024,105
2025,21
2025,28
2025,77
2025,103
2025,122
2026,26
2026,30
2026,37
2026,88
2026,101
2027,47
2027,56
2027,76
2027,78
2027,99
2028,1
2028,2
2028,27
2028,59
2028,67
2029,5
2029,32
2029,39
2029,96
2029,119
2030,10
2030,33
2030,58
2030,70
2030,101
2031,18
2031,36
2031,52
2031,57
2031,109
2032,35
2032,79
2032,87
2032,115
2032,121
2033,11
2033,33
2033,60
2033,106
2033,108
2034,9
2034,15
2034,29
2034,55
2034,110
2035,44
2035,65
2035,75
2035,92
2035,120
2036,13
2036,24
2036,25
2036,43
2036,107
2037,27
2037,56
2037,59
2037,64
2037,113
2038,22
2038,47
2038,77
2038,88
2038,101
2039,9
2039,24
2039,36
2039,110
2039,125
2040,3
2040,24
2040,40
2040,83
2040,115
2041,18
2041,36
2041,50
2041,105
2041,109
2042,80
2042,81
2042,91
2042,117
2042,120
2043,3
2043,31
2043,41
2043,48
2043,75
2044,1
2044,25
2044,43
2044,44
2044,90
2045,70
2045,71
2045,72
2045,79
2045,104
2046,2
2046,42
2046,54
2046,98
2046,118
2047,22
2047,29
2047,90
2047,93
2047,106
2048,81
2048,85
2048,92
2048,95
2048,120
2049,59
2049,64
2049,86
2049,107
2049,113
2050,17
2050,31
2050,65
2050,71
2050,91
2051,26
2051,34
2051,37
2051,81
2051,88
2052,81
2052,84
2052,91
2052,117
2052,120
2053,34
2053,45
2053,67
2053,98
2053,118
2054,10
2054,19
2054,42
2054,54
2054,94
2055,11
2055,21
2055,63
2055,112
2055,122
2056,21
2056,32
2056,46
2056,86
2056,96
2057,18
2057,36
2057,49
2057,50
2057,57
2058,20
2058,44
2058,76
2058,78
2058,102
2059,4
2059,5
2059,21
2059,32
2059,46
2060,27
2060,58
2060,62
2060,74
2060,104
2061,3
2061,31
2061,58
2061,62
2061,71
2062,17
2062,31
2062,48
2062,71
2062,91
2063,9
2063,18
2063,57
2063,100
2063,124
2064,12
2064,19
2064,20
2064,30
2064,52
2065,6
2065,24
2065,53
2065,93
2065,119
2066,12
2066,22
2066,39
2066,47
2066,53
2067,63
2067,81
2067,90
2067,92
2067,101
2068,1
2068,11
2068,44
2068,78
2068,90
2069,56
2069,78
2069,99
2069,105
2069,118
2070,26
2070,34
2070,37
2070,84
2070,97
2071,28
2071,66
2071,77
2071,80
2071,99
2072,31
2072,48
2072,62
2072,65
2072,68
2073,12
2073,19
2073,39
2073,41
2073,66
2074,35
2074,65
2074,80
2074,91
2074,115
2075,9
2075,25
2075,51
2075,100
2075,124
2076,63
2076,77
2076,103
2076,112
2076,122
2077,9
2077,57
2077,100
2077,110
2077,124
2078,7
2078,50
2078,61
2078,87
2078,121
2079,4
2079,32
2079,39
2079,103
2079,111
2080,18
2080,56
2080,105
2080,109
2080,125
2081,21
2081,85
2081,95
2081,112
2081,122
2082,18
2082,51
2082,100
2082,109
2082,124
2083,56
2083,78
2083,89
2083,105
2083,118
2084,13
2084,25
2084,43
2084,72
2084,112
2085,56
2085,60
2085,78
2085,89
2085,105
2086,1
2086,41
2086,48
2086,76
2086,86
2087,41
2087,48
2087,62
2087,68
2087,105
2088,90
2088,92
2088,93
2088,94
2088,101
2089,50
2089,55
2089,79
2089,87
2089,121
2090,4
2090,11
2090,69
2090,105
2090,111
2091,10
2091,33
2091,60
2091,106
2091,111
2092,17
2092,31
2092,71
2092,83
2092,91
2093,56
2093,57
2093,62
2093,105
2093,109
2094,69
2094,109
2094,123
2094,124
2094,125
2095,3
2095,49
2095,65
2095,68
2095,75
2096,4
2096,32
2096,39
2096,66
2096,122
2097,14
2097,39
2097,49
2097,62
2097,79
2098,34
2098,45
2098,91
2098,97
2098,120
2099,38
2099,51
2099,77
2099,81
2099,120
2100,18
2100,52
2100,93
2100,116
2100,125
2101,15
2101,29
2101,40
2101,55
2101,119
2102,13
2102,29
2102,43
2102,73
2102,112
2103,63
2103,85
2103,92
2103,112
2103,122
2104,12
2104,30
2104,75
2104,101
2104,115
2105,1
2105,13
2105,34
2105,98
2105,99
2106,38
2106,51
2106,76
2106,97
2106,100
2107,11
2107,16
2107,60
2107,89
2107,111
2108,27
2108,59
2108,64
2108,67
2108,118
2109,4
2109,8
2109,35
2109,69
2109,105
2110,7
2110,22
2110,28
2110,66
2110,96
2111,36
2111,41
2111,52
2111,66
2111,105
2112,12
2112,42
2112,66
2112,102
2112,125
2113,39
2113,49
2113,56
2113,62
2113,78
2114,5
2114,38
2114,86
2114,109
2114,123
2115,18
2115,23
2115,38
2115,100
2115,124
2116,26
2116,77
2116,81
2116,88
2116,101
2117,26
2117,37
2117,84
2117,88
2117,114
2118,1
2118,2
2118,59
2118,67
2118,98
2119,72
2119,77
2119,85
2119,104
2119,120
2120,18
2120,105
2120,109
2120,122
2120,123
2121,7
2121,14
2121,22
2121,47
2121,77
2122,11
2122,37
2122,47
2122,63
2122,90
2123,10
2123,42
2123,56
2123,111
2123,113
2124,23
2124,80
2124,84
2124,114
2124,115
2125,81
2125,92
2125,95
2125,116
2125,120
2126,5
2126,21
2126,32
2126,77
2126,117
2127,19
2127,53
2127,70
2127,94
2127,101
2128,14
2128,22
2128,47
2128,51
2128,114
2129,12
2129,44
2129,52
2129,102
2129,116
2130,8
2130,35
2130,40
2130,91
2130,117
2131,10
2131,33
2131,58
2131,62
2131,101
2132,6
2132,24
2132,93
2132,113
2132,119
2133,1
2133,2
2133,27
2133,59
2133,67
2134,7
2134,14
2134,61
2134,79
2134,121
2135,2
2135,27
2135,59
2135,67
2135,118
2136,13
2136,43
2136,44
2136,74
2136,104
2137,26
2137,30
2137,97
2137,100
2137,118
2138,2
2138,59
2138,67
2138,98
2138,118
2139,6
2139,19
2139,28
2139,93
2139,113
2140,23
2140,34
2140,37
2140,84
2140,114
2141,4
2141,21
2141,32
2141,103
2141,111
2142,15
2142,29
2142,55
2142,73
2142,82
2143,29
2143,40
2143,55
2143,82
2143,110
2144,6
2144,24
2144,40
2144,83
2144,119
2145,1
2145,27
2145,59
2145,67
2145,107
2146,5
2146,21
2146,32
2146,86
2146,96
2147,19
2147,28
2147,53
2147,66
2147,93
2148,3
2148,6
2148,31
2148,62
2148,83
2149,14
2149,47
2149,99
2149,108
2149,121
2150,8
2150,26
2150,30
2150,88
2150,117
2151,10
2151,11
2151,63
2151,90
2151,111
2152,10
2152,56
2152,105
2152,111
2152,113
2153,12
2153,39
2153,62
2153,75
2153,102
2154,7
2154,22
2154,61
2154,72
2154,77
2155,3
2155,24
2155,62
2155,83
2155,105
2156,47
2156,56
2156,60
2156,89
2156,111
2157,50
2157,61
2157,79
2157,87
2157,121
2158,17
2158,70
2158,71
2158,74
2158,104
2159,3
2159,24
2159,83
2159,119
2159,123
2160,8
2160,15
2160,29
2160,82
2160,113
2161,8
2161,35
2161,40
2161,117
2161,119
2162,9
2162,38
2162,57
2162,100
2162,124
2163,7
2163,14
2163,61
2163,87
2163,121
2164,4
2164,16
2164,60
2164,69
2164,106
2165,16
2165,29
2165,103
2165,106
2165,114
2166,5
2166,19
2166,86
2166,95
2166,116
2167,26
2167,37
2167,81
2167,88
2167,120
2168,27
2168,64
2168,98
2168,107
2168,118
2169,6
2169,19
2169,46
2169,101
2169,103
2170,17
2170,35
2170,39
2170,79
2170,80
2171,6
2171,10
2171,42
2171,54
2171,113
2172,2
2172,59
2172,64
2172,67
2172,98
2173,31
2173,48
2173,65
2173,68
2173,91
2174,17
2174,42
2174,54
2174,98
2174,107
2175,13
2175,34
2175,37
2175,51
2175,120
2176,7
2176,14
2176,22
2176,47
2176,108
2177,15
2177,29
2177,40
2177,55
2177,82
2178,40
2178,72
2178,73
2178,81
2178,117
2179,35
2179,77
2179,79
2179,80
2179,121
2180,15
2180,29
2180,40
2180,55
2180,119
2181,8
2181,26
2181,81
2181,88
2181,117
2182,38
2182,52
2182,100
2182,123
2182,124
2183,39
2183,49
2183,115
2183,123
2183,125
2184,20
2184,42
2184,54
2184,93
2184,102
2185,21
2185,28
2185,46
2185,103
2185,122
2186,9
2186,26
2186,81
2186,115
2186,120
2187,11
2187,101
2187,103
2187,106
2187,111
2188,50
2188,61
2188,79
2188,87
2188,121
2189,14
2189,16
2189,22
2189,47
2189,108
2190,105
2190,109
2190,122
2190,123
2190,125
2191,3
2191,24
2191,58
2191,73
2191,83
2192,3
2192,70
2192,72
2192,73
2192,112
2193,69
2193,103
2193,106
2193,109
2193,125
2194,35
2194,45
2194,80
2194,84
2194,117
2195,9
2195,43
2195,92
2195,112
2195,116
2196,25
2196,70
2196,90
2196,94
2196,101
2197,47
2197,80
2197,99
2197,101
2197,103
2198,31
2198,48
2198,71
2198,83
2198,91
2199,14
2199,16
2199,22
2199,47
2199,108
2200,4
2200,5
2200,39
2200,41
2200,123
2201,6
2201,15
2201,24
2201,40
2201,119
2202,15
2202,29
2202,40
2202,55
2202,110
2203,21
2203,66
2203,85
2203,95
2203,122
2204,12
2204,18
2204,52
2204,102
2204,109
2205,4
2205,8
2205,69
2205,82
2205,106
2206,8
2206,23
2206,38
2206,84
2206,97
2207,48
2207,65
2207,71
2207,74
2207,104
2208,23
2208,34
2208,38
2208,51
2208,100
2209,11
2209,33
2209,58
2209,60
2209,62
2210,10
2210,42
2210,53
2210,103
2210,111
2211,50
2211,61
2211,79
2211,87
2211,121
2212,4
2212,21
2212,32
2212,46
2212,96
2213,1
2213,2
2213,27
2213,59
2213,67
2214,63
2214,85
2214,90
2214,92
2214,112
2215,21
2215,69
2215,93
2215,103
2215,125
2216,28
2216,63
2216,77
2216,103
2216,122
2217,19
2217,63
2217,81
2217,88
2217,101
2218,3
2218,4
2218,31
2218,32
2218,58
2219,6
2219,15
2219,24
2219,29
2219,110
2220,6
2220,93
2220,110
2220,113
2220,125
2221,5
2221,66
2221,86
2221,96
2221,122
2222,9
2222,18
2222,57
2222,100
2222,124
2223,17
2223,39
2223,62
2223,70
2223,75
2224,5
2224,39
2224,66
2224,86
2224,96
2225,33
2225,56
2225,60
2225,106
2225,111
2226,13
2226,34
2226,45
2226,64
2226,97
2227,50
2227,61
2227,79
2227,80
2227,121
2228,2
2228,42
2228,54
2228,98
2228,102
2229,1
2229,43
2229,85
2229,90
2229,104
2230,51
2230,95
2230,116
2230,122
2230,123
2231,15
2231,24
2231,40
2231,73
2231,119
2232,8
2232,40
2232,82
2232,117
2232,119
2233,10
2233,12
2233,53
2233,62
2233,102
2234,1
2234,2
2234,59
2234,67
2234,78
2235,27
2235,54
2235,102
2235,107
2235,113
2236,23
2236,38
2236,51
2236,100
2236,120
2237,17
2237,62
2237,68
2237,71
2237,74
2238,13
2238,25
2238,43
2238,72
2238,104
2239,37
2239,60
2239,84
2239,89
2239,114
2240,11
2240,33
2240,60
2240,89
2240,108
2241,3
2241,24
2241,40
2241,83
2241,123
2242,5
2242,32
2242,39
2242,46
2242,96
2243,5
2243,46
2243,66
2243,86
2243,122
2244,59
2244,64
2244,67
2244,98
2244,107
2245,5
2245,32
2245,38
2245,86
2245,122
2246,58
2246,70
2246,72
2246,74
2246,112
2247,27
2247,45
2247,54
2247,59
2247,107
2248,8
2248,32
2248,46
2248,96
2248,119
2249,8
2249,35
2249,81
2249,114
2249,117
2250,25
2250,36
2250,52
2250,57
2250,95
2251,6
2251,15
2251,24
2251,93
2251,110
2252,12
2252,19
2252,26
2252,30
2252,94
2253,10
2253,37
2253,97
2253,101
2253,103
2254,17
2254,71
2254,83
2254,91
2254,119
2255,48
2255,49
2255,65
2255,68
2255,75
2256,8
2256,31
2256,41
2256,91
2256,117
2257,17
2257,48
2257,49
2257,65
2257,68
2258,7
2258,61
2258,79
2258,80
2258,115
2259,25
2259,36
2259,57
2259,65
2259,75
2260,52
2260,93
2260,110
2260,116
2260,123
2261,5
2261,21
2261,32
2261,46
2261,85
2262,10
2262,11
2262,33
2262,56
2262,111
2263,1
2263,20
2263,44
2263,78
2263,102
2264,5
2264,17
2264,41
2264,48
2264,119
2265,7
2265,50
2265,61
2265,87
2265,121
2266,13
2266,64
2266,67
2266,98
2266,118
2267,13
2267,15
2267,29
2267,55
2267,110
2268,21
2268,32
2268,46
2268,96
2268,119
2269,5
2269,32
2269,38
2269,86
2269,96
2270,1
2270,13
2270,64
2270,76
2270,98
2271,9
2271,24
2271,64
2271,107
2271,110
2272,33
2272,56
2272,69
2272,105
2272,106
2273,43
2273,55
2273,72
2273,73
2273,112
2274,19
2274,20
2274,94
2274,95
2274,101
2275,5
2275,32
2275,39
2275,46
2275,96
2276,4
2276,11
2276,16
2276,60
2276,69
2277,11
2277,27
2277,78
2277,89
2277,111
2278,35
2278,80
2278,84
2278,115
2278,121
2279,40
2279,55
2279,79
2279,87
2279,121
2280,19
2280,30
2280,42
2280,53
2280,94
2281,31
2281,48
2281,65
2281,68
2281,71
2282,36
2282,41
2282,49
2282,123
2282,125
2283,9
2283,15
2283,29
2283,110
2283,124
2284,14
2284,16
2284,69
2284,106
2284,108
2285,58
2285,63
2285,72
2285,74
2285,104
2286,13
2286,35
2286,45
2286,80
2286,117
2287,52
2287,66
2287,95
2287,109
2287,123
2288,7
2288,50
2288,61
2288,79
2288,121
2289,1
2289,2
2289,67
2289,76
2289,118
2290,64
2290,67
2290,98
2290,107
2290,118
2291,18
2291,57
2291,105
2291,109
2291,124
2292,9
2292,25
2292,100
2292,110
2292,124
2293,3
2293,58
2293,65
2293,68
2293,75
2294,31
2294,48
2294,65
2294,68
2294,71
2295,14
2295,47
2295,89
2295,99
2295,108
2296,6
2296,19
2296,53
2296,93
2296,94
2297,22
2297,56
2297,76
2297,78
2297,99
2298,27
2298,59
2298,64
2298,107
2298,113
2299,48
2299,49
2299,65
2299,68
2299,75
2300,22
2300,70
2300,72
2300,77
2300,104
2301,41
2301,56
2301,105
2301,118
2301,125
2302,37
2302,60
2302,84
2302,89
2302,114
2303,3
2303,24
2303,40
2303,83
2303,115
2304,20
2304,44
2304,70
2304,74
2304,102
2305,40
2305,79
2305,83
2305,87
2305,115
2306,9
2306,15
2306,29
2306,93
2306,110
2307,28
2307,35
2307,99
2307,114
2307,115
2308,3
2308,31
2308,62
2308,83
2308,91
2309,12
2309,39
2309,53
2309,66
2309,75
2310,23
2310,26
2310,84
2310,100
2310,114
2311,17
2311,31
2311,65
2311,71
2311,91
2312,22
2312,29
2312,90
2312,93
2312,113
2313,4
2313,8
2313,16
2313,69
2313,82
2314,36
2314,49
2314,61
2314,76
2314,78
2315,7
2315,22
2315,29
2315,55
2315,87
2316,37
2316,81
2316,91
2316,117
2316,120
2317,18
2317,52
2317,109
2317,124
2317,125
2318,43
2318,90
2318,93
2318,113
2318,116
2319,13
2319,28
2319,43
2319,55
2319,82
2320,31
2320,65
2320,71
2320,83
2320,91
2321,15
2321,29
2321,55
2321,82
2321,114
2322,24
2322,35
2322,49
2322,76
2322,115
2323,10
2323,11
2323,89
2323,90
2323,111
2324,14
2324,73
2324,79
2324,115
2324,121
2325,72
2325,85
2325,92
2325,104
2325,112
2326,56
2326,78
2326,105
2326,111
2326,122
2327,22
2327,61
2327,77
2327,78
2327,95
2328,14
2328,39
2328,47
2328,53
2328,108
2329,1
2329,2
2329,13
2329,64
2329,98
2330,36
2330,41
2330,48
2330,68
2330,116
2331,20
2331,36
2331,76
2331,78
2331,102
2332,44
2332,78
2332,92
2332,95
2332,116
2333,58
2333,71
2333,72
2333,74
2333,104
2334,32
2334,39
2334,66
2334,96
2334,119
2335,19
2335,44
2335,70
2335,74
2335,101
2336,14
2336,39
2336,47
2336,103
2336,108
2337,4
2337,6
2337,8
2337,119
2337,125
2338,41
2338,52
2338,66
2338,86
2338,123
2339,1
2339,36
2339,76
2339,78
2339,118
2340,31
2340,38
2340,41
2340,65
2340,91
2341,23
2341,34
2341,37
2341,38
2341,84
2342,1
2342,64
2342,67
2342,86
2342,96
2343,20
2343,51
2343,66
2343,76
2343,95
2344,1
2344,2
2344,59
2344,67
2344,98
2345,9
2345,18
2345,51
2345,78
2345,124
2346,2
2346,59
2346,67
2346,98
2346,107
2347,63
2347,90
2347,92
2347,95
2347,116
2348,18
2348,51
2348,105
2348,109
2348,124
2349,18
2349,51
2349,57
2349,109
2349,124
2350,7
2350,14
2350,47
2350,61
2350,121
2351,14
2351,47
2351,79
2351,108
2351,121
2352,7
2352,14
2352,61
2352,79
2352,121
2353,30
2353,65
2353,75
2353,80
2353,115
2354,25
2354,43
2354,44
2354,90
2354,116
2355,63
2355,77
2355,81
2355,88
2355,120
2356,28
2356,39
2356,66
2356,86
2356,96
2357,33
2357,58
2357,60
2357,62
2357,89
2358,18
2358,52
2358,57
2358,109
2358,124
2359,20
2359,22
2359,47
2359,66
2359,103
2360,12
2360,19
2360,26
2360,30
2360,88
2361,13
2361,64
2361,98
2361,107
2361,118
2362,7
2362,22
2362,47
2362,77
2362,85
2363,23
2363,34
2363,45
2363,84
2363,100
2364,18
2364,57
2364,109
2364,123
2364,124
2365,13
2365,43
2365,64
2365,82
2365,117
2366,23
2366,37
2366,45
2366,84
2366,114
2367,9
2367,51
2367,81
2367,92
2367,112
2368,21
2368,46
2368,73
2368,82
2368,119
2369,43
2369,72
2369,74
2369,104
2369,120
2370,5
2370,70
2370,74
2370,77
2370,85
2371,1
2371,13
2371,44
2371,78
2371,104
2372,5
2372,32
2372,39
2372,41
2372,86
2373,33
2373,47
2373,106
2373,108
2373,111
2374,49
2374,50
2374,61
2374,80
2374,115
2375,7
2375,20
2375,22
2375,70
2375,77
2376,5
2376,21
2376,32
2376,46
2376,86
2377,9
2377,23
2377,100
2377,115
2377,124
2378,63
2378,85
2378,88
2378,92
2378,104
2379,28
2379,39
2379,66
2379,96
2379,122
2380,15
2380,29
2380,40
2380,55
2380,110
2381,37
2381,60
2381,89
2381,106
2381,114
2382,20
2382,44
2382,92
2382,95
2382,116
2383,26
2383,30
2383,37
2383,84
2383,88
2384,64
2384,98
2384,107
2384,113
2384,118
2385,1
2385,13
2385,22
2385,25
2385,78
2386,41
2386,44
2386,48
2386,68
2386,102
2387,3
2387,24
2387,48
2387,83
2387,119
2388,10
2388,19
2388,30
2388,45
2388,54
2389,1
2389,13
2389,20
2389,43
2389,90
2390,43
2390,63
2390,85
2390,90
2390,95
2391,12
2391,39
2391,41
2391,75
2391,125
2392,18
2392,57
2392,68
2392,105
2392,124
2393,80
2393,81
2393,84
2393,91
2393,120
2394,25
2394,28
2394,70
2394,88
2394,93
2395,27
2395,59
2395,98
2395,107
2395,118
2396,9
2396,20
2396,22
2396,50
2396,56
2397,77
2397,81
2397,85
2397,88
2397,120
2398,3
2398,24
2398,48
2398,58
2398,73
2399,16
2399,33
2399,60
2399,69
2399,106
2400,27
2400,59
2400,64
2400,67
2400,107
2401,27
2401,64
2401,74
2401,104
2401,107
2402,14
2402,16
2402,103
2402,106
2402,114
2403,31
2403,58
2403,71
2403,74
2403,104
2404,13
2404,34
2404,81
2404,88
2404,120
2405,19
2405,26
2405,30
2405,80
2405,88
2406,20
2406,22
2406,90
2406,94
2406,101
2407,6
2407,21
2407,46
2407,93
2407,96
2408,4
2408,17
2408,31
2408,39
2408,62
2409,28
2409,39
2409,66
2409,77
2409,96
2410,28
2410,64
2410,86
2410,96
2410,113
2411,1
2411,59
2411,64
2411,107
2411,113
2412,23
2412,35
2412,80
2412,84
2412,97
2413,48
2413,65
2413,71
2413,74
2413,104
2414,76
2414,78
2414,97
2414,99
2414,118
2415,38
2415,39
2415,51
2415,66
2415,123
2416,63
2416,78
2416,85
2416,112
2416,122
2417,7
2417,20
2417,22
2417,47
2417,77
2418,54
2418,56
2418,59
2418,107
2418,113
2419,14
2419,16
2419,47
2419,106
2419,108
2420,14
2420,47
2420,99
2420,108
2420,121
2421,13
2421,34
2421,43
2421,77
2421,88
2422,3
2422,49
2422,62
2422,83
2422,115
2423,44
2423,70
2423,74
2423,94
2423,104
2424,31
2424,65
2424,68
2424,71
2424,91
2425,12
2425,30
2425,52
2425,75
2425,115
2426,28
2426,30
2426,42
2426,53
2426,94
2427,23
2427,80
2427,84
2427,88
2427,97
2428,11
2428,16
2428,47
2428,63
2428,108
2429,45
2429,74
2429,97
2429,99
2429,104
2430,25
2430,44
2430,92
2430,95
2430,116
2431,12
2431,19
2431,30
2431,39
2431,75
2432,29
2432,40
2432,55
2432,87
2432,115
2433,7
2433,50
2433,61
2433,87
2433,121
2434,17
2434,48
2434,58
2434,62
2434,74
2435,73
2435,82
2435,90
2435,112
2435,113
2436,35
2436,45
2436,80
2436,84
2436,97
2437,49
2437,50
2437,61
2437,79
2437,87
2438,9
2438,23
2438,51
2438,100
2438,124
2439,58
2439,71
2439,72
2439,91
2439,104
2440,38
2440,65
2440,80
2440,91
2440,97
2441,34
2441,37
2441,45
2441,84
2441,91
2442,11
2442,33
2442,60
2442,106
2442,108
2443,14
2443,50
2443,79
2443,87
2443,121
2444,8
2444,35
2444,84
2444,114
2444,117
2445,28
2445,42
2445,53
2445,93
2445,94
2446,6
2446,12
2446,19
2446,24
2446,93
2447,65
2447,68
2447,71
2447,79
2447,83
2448,5
2448,21
2448,32
2448,86
2448,96
2449,35
2449,50
2449,80
2449,87
2449,97
2450,36
2450,44
2450,76
2450,78
2450,116
2451,10
2451,26
2451,88
2451,90
2451,93
2452,11
2452,16
2452,43
2452,90
2452,112
2453,27
2453,60
2453,78
2453,89
2453,111
2454,5
2454,41
2454,46
2454,86
2454,123
2455,29
2455,35
2455,40
2455,55
2455,119
2456,23
2456,38
2456,84
2456,97
2456,114
2457,27
2457,56
2457,89
2457,105
2457,118
2458,44
2458,58
2458,70
2458,90
2458,101
2459,20
2459,26
2459,30
2459,42
2459,54
2460,18
2460,36
2460,52
2460,57
2460,75
2461,49
2461,50
2461,51
2461,66
2461,87
2462,7
2462,22
2462,47
2462,61
2462,87
2463,10
2463,19
2463,30
2463,53
2463,101
2464,17
2464,54
2464,102
2464,107
2464,113
2465,15
2465,40
2465,73
2465,112
2465,119
2466,26
2466,30
2466,37
2466,88
2466,101
2467,18
2467,57
2467,69
2467,105
2467,109
2468,7
2468,14
2468,50
2468,99
2468,121
2469,4
2469,11
2469,58
2469,105
2469,122
2470,10
2470,19
2470,70
2470,94
2470,101
2471,9
2471,25
2471,36
2471,50
2471,57
2472,17
2472,25
2472,61
2472,70
2472,79
2473,58
2473,65
2473,68
2473,71
2473,104
2474,4
2474,105
2474,109
2474,122
2474,123
2475,23
2475,38
2475,51
2475,100
2475,114
2476,58
2476,70
2476,71
2476,74
2476,104
2477,1
2477,43
2477,78
2477,90
2477,116
2478,7
2478,50
2478,61
2478,87
2478,121
2479,27
2479,54
2479,102
2479,107
2479,118
2480,8
2480,77
2480,91
2480,103
2480,117
2481,18
2481,36
2481,52
2481,57
2481,109
2482,8
2482,35
2482,96
2482,97
2482,103
2483,27
2483,56
2483,78
2483,89
2483,99
2484,4
2484,21
2484,95
2484,109
2484,122
2485,5
2485,21
2485,85
2485,86
2485,122
2486,1
2486,2
2486,42
2486,56
2486,76
2487,59
2487,64
2487,67
2487,107
2487,113
2488,49
2488,50
2488,87
2488,115
2488,125
2489,12
2489,20
2489,26
2489,30
2489,52
2490,28
2490,46
2490,53
2490,66
2490,103
2491,9
2491,18
2491,57
2491,100
2491,124
2492,23
2492,26
2492,30
2492,84
2492,88
2493,35
2493,39
2493,80
2493,91
2493,115
2494,9
2494,18
2494,56
2494,105
2494,125
2495,25
2495,36
2495,41
2495,75
2495,102
2496,20
2496,22
2496,63
2496,70
2496,101
2497,16
2497,29
2497,56
2497,69
2497,108
2498,26
2498,34
2498,81
2498,88
2498,100
2499,4
2499,21
2499,32
2499,103
2499,122
2500,34
2500,45
2500,77
2500,81
2500,120
2501,12
2501,19
2501,26
2501,30
2501,88
2502,1
2502,64
2502,98
2502,107
2502,113
2503,63
2503,81
2503,85
2503,92
2503,120
2504,6
2504,40
2504,73
2504,83
2504,119
2505,6
2505,24
2505,28
2505,123
2505,125
2506,1
2506,13
2506,43
2506,85
2506,104
2507,17
2507,31
2507,62
2507,71
2507,75
2508,11
2508,33
2508,60
2508,89
2508,111
2509,35
2509,79
2509,80
2509,99
2509,115
2510,20
2510,36
2510,44
2510,102
2510,116
2511,16
2511,60
2511,69
2511,106
2511,111
2512,17
2512,35
2512,79
2512,80
2512,115
2513,18
2513,36
2513,52
2513,57
2513,124
2514,36
2514,52
2514,57
2514,76
2514,100
2515,15
2515,29
2515,55
2515,82
2515,110
2516,3
2516,65
2516,70
2516,72
2516,74
2517,30
2517,42
2517,53
2517,93
2517,94
2518,11
2518,63
2518,85
2518,92
2518,112
2519,16
2519,37
2519,89
2519,108
2519,114
2520,4
2520,8
2520,35
2520,79
2520,83
2521,10
2521,42
2521,53
2521,94
2521,101
2522,44
2522,85
2522,90
2522,92
2522,94
2523,21
2523,43
2523,63
2523,112
2523,122
2524,9
2524,15
2524,29
2524,40
2524,114
2525,14
2525,49
2525,50
2525,87
2525,108
2526,56
2526,60
2526,89
2526,99
2526,111
2527,44
2527,85
2527,92
2527,95
2527,120
2528,34
2528,72
2528,81
2528,88
2528,120
2529,63
2529,85
2529,90
2529,95
2529,101
2530,9
2530,26
2530,30
2530,34
2530,88
2531,13
2531,37
2531,81
2531,99
2531,114
2532,12
2532,28
2532,39
2532,80
2532,91
2533,10
2533,33
2533,60
2533,89
2533,111
2534,9
2534,18
2534,69
2534,109
2534,124
2535,9
2535,52
2535,110
2535,123
2535,125
2536,6
2536,53
2536,93
2536,106
2536,113
2537,38
2537,100
2537,115
2537,123
2537,124
2538,13
2538,15
2538,26
2538,81
2538,88
2539,4
2539,31
2539,33
2539,60
2539,62
2540,19
2540,28
2540,88
2540,94
2540,101
2541,51
2541,100
2541,109
2541,122
2541,123
2542,15
2542,29
2542,40
2542,73
2542,110
2543,10
2543,53
2543,103
2543,106
2543,111
2544,23
2544,38
2544,80
2544,84
2544,97
2545,6
2545,42
2545,53
2545,93
2545,94
2546,7
2546,61
2546,70
2546,75
2546,115
2547,54
2547,64
2547,67
2547,98
2547,107
2548,22
2548,55
2548,56
2548,78
2548,99
2549,37
2549,84
2549,97
2549,114
2549,117
2550,63
2550,72
2550,85
2550,92
2550,112
2551,9
2551,25
2551,51
2551,78
2551,116
2552,28
2552,53
2552,66
2552,93
2552,103
2553,20
2553,70
2553,90
2553,94
2553,101
2554,10
2554,22
2554,25
2554,90
2554,94
2555,57
2555,100
2555,109
2555,123
2555,124
2556,6
2556,10
2556,42
2556,54
2556,102
2557,16
2557,47
2557,53
2557,106
2557,108
2558,18
2558,36
2558,52
2558,57
2558,109
2559,27
2559,59
2559,67
2559,107
2559,118
2560,26
2560,37
2560,63
2560,88
2560,101
2561,28
2561,77
2561,80
2561,81
2561,88
2562,35
2562,62
2562,79
2562,99
2562,115
2563,19
2563,28
2563,66
2563,77
2563,115
2564,3
2564,44
2564,58
2564,62
2564,74
2565,1
2565,2
2565,27
2565,59
2565,67
2566,49
2566,50
2566,61
2566,87
2566,115
2567,24
2567,41
2567,49
2567,76
2567,125
2568,15
2568,29
2568,40
2568,55
2568,82
2569,25
2569,70
2569,72
2569,79
2569,115
2570,5
2570,8
2570,32
2570,86
2570,96
2571,44
2571,70
2571,74
2571,102
2571,104
2572,13
2572,15
2572,29
2572,43
2572,114
2573,63
2573,70
2573,72
2573,77
2573,112
2574,49
2574,65
2574,68
2574,79
2574,80
2575,19
2575,88
2575,90
2575,93
2575,101
2576,9
2576,18
2576,51
2576,100
2576,124
2577,11
2577,14
2577,47
2577,63
2577,108
2578,36
2578,49
2578,57
2578,68
2578,75
2579,7
2579,61
2579,79
2579,87
2579,121
2580,39
2580,49
2580,61
2580,62
2580,87
2581,16
2581,33
2581,69
2581,106
2581,108
2582,20
2582,51
2582,76
2582,97
2582,100
2583,24
2583,28
2583,40
2583,110
2583,119
2584,29
2584,55
2584,64
2584,98
2584,110
2585,24
2585,25
2585,93
2585,113
2585,125
2586,4
2586,5
2586,39
2586,66
2586,122
2587,20
2587,42
2587,54
2587,90
2587,113
2588,38
2588,51
2588,52
2588,109
2588,123
2589,3
2589,17
2589,25
2589,70
2589,74
2590,23
2590,38
2590,51
2590,84
2590,100
2591,57
2591,65
2591,75
2591,116
2591,124
2592,31
2592,58
2592,62
2592,71
2592,91
2593,8
2593,35
2593,80
2593,96
2593,117
2594,15
2594,29
2594,40
2594,55
2594,73
2595,12
2595,19
2595,30
2595,42
2595,53
2596,23
2596,30
2596,38
2596,80
2596,84
2597,7
2597,61
2597,79
2597,80
2597,121
2598,7
2598,50
2598,61
2598,87
2598,121
2599,23
2599,34
2599,45
2599,84
2599,120
2600,23
2600,34
2600,38
2600,84
2600,97
2601,31
2601,41
2601,48
2601,65
2601,68
2602,19
2602,63
2602,81
2602,88
2602,101
2603,30
2603,42
2603,52
2603,94
2603,102
2604,3
2604,24
2604,25
2604,75
2604,83
2605,30
2605,42
2605,54
2605,94
2605,102
2606,10
2606,12
2606,33
2606,62
2606,101
2607,23
2607,34
2607,81
2607,84
2607,114
2608,7
2608,14
2608,22
2608,47
2608,121
2609,19
2609,28
2609,53
2609,66
2609,103
2610,4
2610,8
2610,32
2610,46
2610,96
2611,17
2611,28
2611,35
2611,80
2611,119
2612,11
2612,16
2612,58
2612,63
2612,108
2613,36
2613,41
2613,52
2613,57
2613,76
2614,16
2614,33
2614,69
2614,89
2614,106
2615,1
2615,85
2615,86
2615,90
2615,95
2616,6
2616,24
2616,40
2616,73
2616,83
2617,7
2617,14
2617,47
2617,108
2617,121
2618,34
2618,51
2618,97
2618,100
2618,116
2619,34
2619,51
2619,77
2619,80
2619,97
2620,10
2620,19
2620,26
2620,30
2620,88
2621,7
2621,17
2621,70
2621,80
2621,115
2622,4
2622,21
2622,95
2622,109
2622,122
2623,64
2623,67
2623,98
2623,107
2623,118
2624,11
2624,37
2624,63
2624,101
2624,122
2625,36
2625,49
2625,50
2625,68
2625,76
2626,6
2626,15
2626,29
2626,40
2626,110
2627,5
2627,21
2627,46
2627,85
2627,86
2628,41
2628,45
2628,48
2628,74
2628,104
2629,10
2629,26
2629,30
2629,37
2629,101
2630,1
2630,25
2630,28
2630,64
2630,98
2631,16
2631,22
2631,29
2631,106
2631,114
2632,39
2632,66
2632,77
2632,96
2632,103
2633,23
2633,37
2633,38
2633,84
2633,114
2634,28
2634,51
2634,100
2634,123
2634,125
2635,9
2635,55
2635,73
2635,110
2635,123
2636,4
2636,11
2636,16
2636,106
2636,108
2637,46
2637,59
2637,64
2637,107
2637,113
2638,13
2638,27
2638,43
2638,90
2638,112
2639,12
2639,42
2639,49
2639,53
2639,75
2640,22
2640,28
2640,42
2640,53
2640,87
2641,18
2641,52
2641,100
2641,109
2641,123
2642,27
2642,54
2642,74
2642,102
2642,107
2643,10
2643,56
2643,105
2643,106
2643,111
2644,21
2644,32
2644,86
2644,96
2644,103
2645,13
2645,34
2645,45
2645,88
2645,114
2646,2
2646,54
2646,59
2646,67
2646,102
2647,34
2647,37
2647,45
2647,89
2647,114
2648,56
2648,60
2648,89
2648,106
2648,111
2649,10
2649,12
2649,33
2649,62
2649,101
2650,25
2650,52
2650,93
2650,110
2650,116
2651,12
2651,52
2651,66
2651,86
2651,123
2652,16
2652,33
2652,58
2652,60
2652,69
2653,21
2653,85
2653,95
2653,116
2653,122
2654,39
2654,46
2654,66
2654,122
2654,125
2655,45
2655,76
2655,97
2655,99
2655,118
2656,2
2656,27
2656,59
2656,67
2656,118
2657,17
2657,39
2657,41
2657,42
2657,125
2658,8
2658,73
2658,82
2658,117
2658,119
2659,4
2659,32
2659,39
2659,105
2659,122
2660,64
2660,76
2660,98
2660,107
2660,113
2661,4
2661,11
2661,33
2661,60
2661,69
2662,1
2662,7
2662,20
2662,22
2662,42
2663,8
2663,23
2663,37
2663,38
2663,84
2664,19
2664,42
2664,53
2664,54
2664,94
2665,22
2665,50
2665,61
2665,87
2665,99
2666,7
2666,50
2666,87
2666,96
2666,121
2667,3
2667,69
2667,73
2667,105
2667,116
2668,56
2668,105
2668,106
2668,109
2668,111
2669,8
2669,12
2669,38
2669,91
2669,117
2670,17
2670,31
2670,65
2670,74
2670,91
2671,10
2671,33
2671,60
2671,89
2671,111
2672,14
2672,50
2672,61
2672,87
2672,121
2673,17
2673,28
2673,35
2673,80
2673,96
2674,22
2674,25
2674,70
2674,72
2674,115
2675,11
2675,37
2675,45
2675,60
2675,89
2676,43
2676,72
2676,85
2676,92
2676,112
2677,66
2677,105
2677,109
2677,111
2677,122
2678,47
2678,56
2678,62
2678,78
2678,99
2679,15
2679,29
2679,55
2679,82
2679,110
2680,47
2680,56
2680,66
2680,78
2680,111
2681,11
2681,37
2681,47
2681,63
2681,77
2682,14
2682,16
2682,22
2682,47
2682,108
2683,7
2683,14
2683,22
2683,42
2683,47
2684,25
2684,44
2684,65
2684,95
2684,116
2685,12
2685,30
2685,75
2685,94
2685,102
2686,5
2686,41
2686,46
2686,74
2686,86
2687,21
2687,46
2687,95
2687,112
2687,122
2688,1
2688,2
2688,44
2688,54
2688,90
2689,5
2689,21
2689,32
2689,46
2689,86
2690,14
2690,47
2690,99
2690,108
2690,121
2691,21
2691,85
2691,86
2691,95
2691,122
2692,11
2692,44
2692,78
2692,92
2692,116
2693,12
2693,19
2693,32
2693,46
2693,103
2694,2
2694,20
2694,42
2694,54
2694,98
2695,12
2695,20
2695,30
2695,42
2695,94
2696,7
2696,61
2696,79
2696,87
2696,121
2697,70
2697,71
2697,72
2697,77
2697,104
2698,72
2698,73
2698,81
2698,117
2698,120
2699,23
2699,38
2699,84
2699,97
2699,100
2700,3
2700,4
2700,33
2700,58
2700,69
2701,2
2701,27
2701,59
2701,67
2701,118
2702,12
2702,14
2702,22
2702,47
2702,87
2703,22
2703,37
2703,47
2703,101
2703,103
2704,31
2704,48
2704,65
2704,68
2704,83
2705,6
2705,28
2705,93
2705,103
2705,113
2706,49
2706,56
2706,62
2706,68
2706,105
2707,10
2707,37
2707,60
2707,89
2707,99
2708,27
2708,33
2708,45
2708,60
2708,89
2709,13
2709,43
2709,64
2709,98
2709,107
2710,21
2710,63
2710,85
2710,86
2710,122
2711,14
2711,29
2711,55
2711,87
2711,121
2712,6
2712,42
2712,54
2712,70
2712,94
2713,77
2713,80
2713,84
2713,114
2713,120
2714,15
2714,46
2714,73
2714,82
2714,119
2715,63
2715,85
2715,88
2715,90
2715,92
2716,23
2716,80
2716,84
2716,97
2716,114
2717,6
2717,19
2717,28
2717,93
2717,94
2718,3
2718,40
2718,55
2718,73
2718,83
2719,17
2719,31
2719,48
2719,71
2719,91
2720,11
2720,16
2720,37
2720,78
2720,89
2721,3
2721,31
2721,68
2721,75
2721,83
2722,11
2722,63
2722,78
2722,92
2722,112
2723,20
2723,28
2723,66
2723,113
2723,116
2724,2
2724,27
2724,59
2724,67
2724,118
2725,6
2725,15
2725,24
2725,40
2725,73
2726,5
2726,21
2726,46
2726,86
2726,96
2727,19
2727,30
2727,42
2727,93
2727,94
2728,54
2728,98
2728,102
2728,107
2728,113
2729,6
2729,19
2729,30
2729,93
2729,94
2730,12
2730,20
2730,26
2730,30
2730,88
2731,9
2731,69
2731,82
2731,110
2731,124
2732,31
2732,48
2732,65
2732,71
2732,91
2733,25
2733,44
2733,74
2733,104
2733,116
2734,12
2734,19
2734,30
2734,101
2734,103
2735,55
2735,95
2735,122
2735,123
2735,125
2736,3
2736,31
2736,58
2736,71
2736,83
2737,1
2737,85
2737,86
2737,95
2737,96
2738,18
2738,52
2738,109
2738,116
2738,124
2739,57
2739,65
2739,75
2739,83
2739,124
2740,10
2740,45
2740,54
2740,102
2740,118
2741,11
2741,16
2741,33
2741,58
2741,63
2742,43
2742,85
2742,90
2742,92
2742,112
2743,56
2743,69
2743,105
2743,106
2743,109
2744,37
2744,63
2744,92
2744,112
2744,122
2745,44
2745,51
2745,85
2745,92
2745,95
2746,20
2746,25
2746,44
2746,75
2746,95
2747,63
2747,81
2747,90
2747,92
2747,112
2748,35
2748,39
2748,77
2748,80
2748,96
2749,13
2749,43
2749,72
2749,81
2749,112
2750,5
2750,21
2750,46
2750,86
2750,96
2751,30
2751,42
2751,54
2751,93
2751,94
2752,6
2752,24
2752,52
2752,93
2752,125
2753,9
2753,40
2753,57
2753,83
2753,115
2754,1
2754,13
2754,20
2754,22
2754,25
2755,43
2755,85
2755,90
2755,92
2755,112
2756,18
2756,49
2756,50
2756,51
2756,109
2757,4
2757,8
2757,32
2757,69
2757,73
2758,1
2758,13
2758,43
2758,74
2758,104
2759,43
2759,73
2759,112
2759,116
2759,122
2760,8
2760,35
2760,37
2760,45
2760,97
2761,3
2761,35
2761,91
2761,115
2761,117
2762,7
2762,14
2762,61
2762,77
2762,121
2763,9
2763,25
2763,29
2763,55
2763,73
2764,38
2764,51
2764,66
2764,97
2764,100
2765,1
2765,22
2765,70
2765,78
2765,99
2766,26
2766,34
2766,45
2766,81
2766,120
2767,21
2767,32
2767,46
2767,96
2767,103
2768,41
2768,48
2768,105
2768,109
2768,125
2769,10
2769,33
2769,60
2769,62
2769,102
2770,7
2770,47
2770,79
2770,80
2770,121
2771,8
2771,34
2771,37
2771,45
2771,114
2772,70
2772,72
2772,77
2772,85
2772,95
2773,1
2773,20
2773,39
2773,66
2773,76
2774,23
2774,26
2774,37
2774,45
2774,120
2775,1
2775,27
2775,59
2775,78
2775,99
2776,3
2776,58
2776,65
2776,72
2776,120
2777,15
2777,29
2777,55
2777,82
2777,110
2778,8
2778,37
2778,81
2778,114
2778,117
2779,8
2779,24
2779,40
2779,117
2779,119
2780,5
2780,21
2780,46
2780,86
2780,96
2781,4
2781,39
2781,66
2781,96
2781,103
2782,70
2782,72
2782,77
2782,85
2782,104
2783,14
2783,50
2783,61
2783,87
2783,121
2784,23
2784,26
2784,30
2784,88
2784,97
2785,13
2785,34
2785,64
2785,96
2785,98
2786,10
2786,33
2786,90
2786,111
2786,113
2787,13
2787,34
2787,97
2787,99
2787,114
2788,8
2788,46
2788,73
2788,117
2788,119
2789,54
2789,64
2789,98
2789,107
2789,113
2790,3
2790,58
2790,70
2790,71
2790,74
2791,13
2791,43
2791,72
2791,73
2791,112
2792,55
2792,64
2792,107
2792,110
2792,113
2793,5
2793,41
2793,66
2793,86
2793,125
2794,1
2794,2
2794,67
2794,102
2794,118
2795,35
2795,38
2795,96
2795,114
2795,117
2796,13
2796,27
2796,43
2796,64
2796,107
2797,5
2797,46
2797,86
2797,96
2797,113
2798,14
2798,47
2798,77
2798,99
2798,104
2799,5
2799,21
2799,32
2799,66
2799,86
2800,17
2800,71
2800,91
2800,117
2800,119
2801,27
2801,33
2801,48
2801,58
2801,62
2802,9
2802,15
2802,29
2802,40
2802,114
2803,25
2803,48
2803,49
2803,65
2803,68
2804,12
2804,26
2804,30
2804,75
2804,115
2805,5
2805,21
2805,32
2805,46
2805,86
2806,36
2806,52
2806,57
2806,75
2806,116
2807,10
2807,56
2807,90
2807,111
2807,113
2808,5
2808,21
2808,32
2808,86
2808,122
2809,49
2809,50
2809,57
2809,109
2809,125
2810,1
2810,2
2810,59
2810,67
2810,76
2811,17
2811,48
2811,62
2811,68
2811,83
2812,5
2812,21
2812,32
2812,46
2812,86
2813,7
2813,15
2813,40
2813,55
2813,110
2814,20
2814,39
2814,42
2814,93
2814,103
2815,5
2815,32
2815,39
2815,86
2815,119
2816,85
2816,90
2816,94
2816,95
2816,101
2817,58
2817,77
2817,85
2817,104
2817,122
2818,27
2818,48
2818,59
2818,102
2818,107
2819,27
2819,41
2819,45
2819,48
2819,76
2820,34
2820,37
2820,81
2820,88
2820,120
2821,25
2821,44
2821,58
2821,78
2821,116
2822,9
2822,25
2822,57
2822,116
2822,124
2823,45
2823,80
2823,99
2823,104
2823,120
2824,77
2824,81
2824,88
2824,95
2824,120
2825,24
2825,64
2825,107
2825,110
2825,113
2826,18
2826,52
2826,57
2826,123
2826,124
2827,12
2827,93
2827,119
2827,123
2827,125
2828,23
2828,38
2828,51
2828,97
2828,100
2829,8
2829,35
2829,83
2829,115
2829,117
2830,7
2830,20
2830,42
2830,70
2830,94
2831,32
2831,38
2831,41
2831,86
2831,122
2832,4
2832,21
2832,32
2832,103
2832,111
2833,2
2833,27
2833,45
2833,67
2833,118
2834,15
2834,40
2834,55
2834,79
2834,119
2835,4
2835,11
2835,60
2835,105
2835,111
2836,31
2836,58
2836,62
2836,68
2836,108
2837,6
2837,46
2837,113
2837,116
2837,125
2838,1
2838,13
2838,47
2838,78
2838,99
2839,6
2839,17
2839,24
2839,83
2839,119
2840,1
2840,39
2840,76
2840,78
2840,98
2841,13
2841,34
2841,37
2841,114
2841,120
2842,20
2842,44
2842,52
2842,95
2842,116
2843,36
2843,41
2843,64
2843,76
2843,125
2844,77
2844,81
2844,85
2844,95
2844,120
2845,9
2845,24
2845,100
2845,123
2845,124
2846,36
2846,41
2846,57
2846,109
2846,123
2847,4
2847,33
2847,62
2847,69
2847,106
2848,33
2848,60
2848,89
2848,91
2848,108
2849,15
2849,40
2849,73
2849,82
2849,110
2850,41
2850,56
2850,62
2850,102
2850,105
2851,26
2851,30
2851,88
2851,114
2851,117
2852,3
2852,24
2852,69
2852,73
2852,82
2853,3
2853,31
2853,58
2853,65
2853,71
2854,1
2854,2
2854,27
2854,67
2854,118
2855,8
2855,16
2855,35
2855,69
2855,115
2856,9
2856,18
2856,57
2856,100
2856,124
2857,6
2857,10
2857,12
2857,17
2857,75
2858,9
2858,24
2858,40
2858,100
2858,110
2859,36
2859,76
2859,78
2859,98
2859,118
2860,6
2860,15
2860,24
2860,64
2860,98
2861,9
2861,18
2861,36
2861,100
2861,124
2862,11
2862,16
2862,60
2862,106
2862,108
2863,3
2863,71
2863,83
2863,91
2863,117
2864,2
2864,59
2864,64
2864,67
2864,107
2865,40
2865,49
2865,79
2865,115
2865,119
2866,10
2866,54
2866,56
2866,106
2866,111
2867,10
2867,26
2867,30
2867,38
2867,97
2868,7
2868,14
2868,47
2868,77
2868,95
2869,2
2869,13
2869,34
2869,54
2869,88
2870,56
2870,69
2870,105
2870,109
2870,125
2871,58
2871,85
2871,104
2871,112
2871,122
2872,11
2872,37
2872,85
2872,112
2872,122
2873,21
2873,32
2873,39
2873,46
2873,86
2874,6
2874,10
2874,17
2874,26
2874,30
2875,31
2875,45
2875,48
2875,68
2875,91
2876,10
2876,26
2876,30
2876,54
2876,102
2877,2
2877,42
2877,54
2877,102
2877,113
2878,15
2878,73
2878,82
2878,110
2878,112
2879,10
2879,37
2879,60
2879,89
2879,106
2880,14
2880,61
2880,79
2880,115
2880,121
2881,41
2881,64
2881,67
2881,86
2881,118
2882,14
2882,47
2882,50
2882,108
2882,121
2883,4
2883,8
2883,21
2883,32
2883,38
2884,9
2884,36
2884,98
2884,100
2884,118
2885,49
2885,62
2885,69
2885,83
2885,105
2886,11
2886,16
2886,69
2886,105
2886,108
2887,10
2887,90
2887,94
2887,106
2887,111
2888,31
2888,62
2888,69
2888,75
2888,105
2889,18
2889,20
2889,26
2889,30
2889,37
2890,27
2890,59
2890,64
2890,107
2890,118
2891,10
2891,17
2891,31
2891,62
2891,106
2892,30
2892,44
2892,65
2892,74
2892,75
2893,59
2893,64
2893,98
2893,107
2893,113
2894,36
2894,56
2894,76
2894,78
2894,105
2895,39
2895,49
2895,65
2895,75
2895,115
2896,15
2896,16
2896,90
2896,106
2896,112
2897,6
2897,15
2897,73
2897,82
2897,110
2898,9
2898,18
2898,51
2898,100
2898,124
2899,6
2899,10
2899,54
2899,90
2899,113
2900,6
2900,8
2900,82
2900,117
2900,119
2901,14
2901,47
2901,99
2901,108
2901,121
2902,36
2902,49
2902,52
2902,75
2902,76
2903,31
2903,48
2903,58
2903,71
2903,74
2904,11
2904,14
2904,47
2904,78
2904,108
2905,3
2905,4
2905,31
2905,58
2905,71
2906,43
2906,72
2906,85
2906,90
2906,112
2907,50
2907,76
2907,79
2907,99
2907,121
2908,43
2908,44
2908,72
2908,74
2908,104
2909,11
2909,58
2909,78
2909,95
2909,116
2910,1
2910,46
2910,64
2910,86
2910,113
2911,41
2911,48
2911,65
2911,68
2911,71
2912,9
2912,25
2912,50
2912,51
2912,57
2913,6
2913,25
2913,73
2913,90
2913,116
2914,21
2914,32
2914,46
2914,86
2914,95
2915,76
2915,79
2915,80
2915,97
2915,99
2916,16
2916,56
2916,69
2916,82
2916,110
2917,20
2917,51
2917,52
2917,86
2917,95
2918,8
2918,23
2918,37
2918,81
2918,124
2919,11
2919,58
2919,60
2919,62
2919,104
2920,17
2920,48
2920,68
2920,71
2920,91
2921,41
2921,86
2921,95
2921,123
2921,125
2922,14
2922,49
2922,79
2922,108
2922,121
2923,23
2923,45
2923,80
2923,91
2923,120
2924,6
2924,46
2924,81
2924,117
2924,119
2925,10
2925,45
2925,60
2925,89
2925,111
2926,21
2926,46
2926,82
2926,123
2926,125
2927,43
2927,72
2927,85
2927,104
2927,120
2928,10
2928,20
2928,52
2928,102
2928,116
2929,16
2929,69
2929,105
2929,106
2929,111
2930,14
2930,16
2930,25
2930,70
2930,90
2931,2
2931,27
2931,59
2931,67
2931,118
2932,23
2932,38
2932,51
2932,97
2932,100
2933,24
2933,36
2933,49
2933,68
2933,125
2934,10
2934,56
2934,78
2934,105
2934,111
2935,4
2935,11
2935,21
2935,32
2935,37
2936,2
2936,45
2936,54
2936,98
2936,118
2937,4
2937,16
2937,60
2937,69
2937,82
2938,18
2938,36
2938,52
2938,75
2938,124
2939,8
2939,45
2939,91
2939,117
2939,119
2940,6
2940,15
2940,73
2940,82
2940,110
2941,36
2941,41
2941,76
2941,102
2941,105
2942,6
2942,24
2942,73
2942,83
2942,119
2943,23
2943,34
2943,38
2943,45
2943,120
2944,17
2944,70
2944,71
2944,91
2944,117
2945,23
2945,37
2945,45
2945,89
2945,97
2946,27
2946,56
2946,62
2946,102
2946,105
2947,9
2947,24
2947,57
2947,110
2947,123
2948,4
2948,8
2948,16
2948,32
2948,69
2949,37
2949,60
2949,89
2949,91
2949,108
2950,41
2950,48
2950,62
2950,68
2950,102
2951,58
2951,72
2951,81
2951,104
2951,120
2952,6
2952,24
2952,40
2952,73
2952,83
2953,25
2953,36
2953,44
2953,76
2953,116
2954,1
2954,72
2954,78
2954,85
2954,104
2955,58
2955,62
2955,68
2955,74
2955,104
2956,4
2956,16
2956,69
2956,108
2956,109
2957,11
2957,16
2957,60
2957,89
2957,111
2958,43
2958,44
2958,85
2958,95
2958,104
2959,6
2959,13
2959,15
2959,90
2959,113
2960,16
2960,60
2960,69
2960,89
2960,108
2961,18
2961,42
2961,56
2961,62
2961,125
2962,23
2962,34
2962,38
2962,81
2962,120
2963,49
2963,52
2963,109
2963,123
2963,125
2964,2
2964,13
2964,34
2964,45
2964,118
2965,17
2965,45
2965,79
2965,91
2965,99
2966,4
2966,16
2966,21
2966,32
2966,73
2967,14
2967,50
2967,79
2967,99
2967,121
2968,23
2968,34
2968,38
2968,45
2968,100
2969,20
2969,44
2969,70
2969,90
2969,94
2970,4
2970,6
2970,8
2970,82
2970,119
2971,14
2971,25
2971,49
2971,50
2971,78
2972,6
2972,24
2972,25
2972,107
2972,113
2973,3
2973,58
2973,72
2973,73
2973,112
2974,59
2974,67
2974,98
2974,107
2974,118
2975,27
2975,56
2975,99
2975,111
2975,118
2976,18
2976,52
2976,105
2976,109
2976,124
2977,14
2977,15
2977,73
2977,83
2977,119
2978,4
2978,49
2978,58
2978,62
2978,68
2979,2
2979,41
2979,76
2979,98
2979,118
2980,6
2980,17
2980,24
2980,42
2980,94
2981,17
2981,65
2981,71
2981,74
2981,75
2982,48
2982,58
2982,62
2982,74
2982,104
2983,43
2983,44
2983,72
2983,85
2983,120
2984,8
2984,34
2984,81
2984,100
2984,117
2985,34
2985,37
2985,45
2985,60
2985,89
2986,38
2986,45
2986,91
2986,117
2986,120
2987,1
2987,44
2987,74
2987,104
2987,116
2988,24
2988,42
2988,54
2988,98
2988,113
2989,21
2989,32
2989,46
2989,85
2989,86
2990,13
2990,34
2990,37
2990,90
2990,120
2991,18
2991,109
2991,110
2991,123
2991,125
2992,54
2992,56
2992,62
2992,102
2992,111
2993,2
2993,59
2993,67
2993,98
2993,118
2994,34
2994,37
2994,72
2994,85
2994,120
2995,65
2995,72
2995,91
2995,117
2995,120
2996,17
2996,46
2996,94
2996,113
2996,119
2997,17
2997,24
2997,25
2997,75
2997,94
2998,18
2998,36
2998,52
2998,109
2998,125
2999,21
2999,32
2999,82
2999,86
2999,119
3000,4
3000,8
3000,21
3000,32
3000,119
